device_id,ph,turbidity_ntu,tds_ppm,water_quality_category
soil-water-monitor-2,7.14,0.6,377.6,Safe
soil-water-monitor-3,6.66,2.56,892.4,Safe
soil-water-monitor-2,6.65,5.21,721.0,Moderate
soil-water-monitor-1,7.03,7.33,362.8,Safe
soil-water-monitor-3,6.61,5.2,577.4,Safe
soil-water-monitor-2,4.88,29.69,1799.4,Critical
soil-water-monitor-1,6.37,6.74,656.2,Moderate
soil-water-monitor-1,7.74,0.0,208.8,Safe
soil-water-monitor-2,5.76,17.47,1127.9,Unsafe
soil-water-monitor-3,6.38,11.55,576.0,Unsafe
soil-water-monitor-2,6.7,9.51,675.1,Moderate
soil-water-monitor-3,5.43,22.98,1425.8,Critical
soil-water-monitor-3,6.44,5.95,490.0,Safe
soil-water-monitor-2,7.46,12.36,483.3,Moderate
soil-water-monitor-2,6.55,5.15,416.2,Safe
soil-water-monitor-2,6.69,18.67,2609.9,Unsafe
soil-water-monitor-1,5.91,3.49,743.7,Moderate
soil-water-monitor-3,6.84,40.37,977.8,Moderate
soil-water-monitor-2,4.83,26.11,1495.7,Critical
soil-water-monitor-1,5.38,39.87,882.9,Unsafe
soil-water-monitor-3,7.71,4.06,200.2,Safe
soil-water-monitor-1,6.05,5.28,628.8,Moderate
soil-water-monitor-1,6.76,10.15,567.7,Moderate
soil-water-monitor-3,6.78,0.0,221.4,Safe
soil-water-monitor-2,5.93,24.23,1723.0,Unsafe
soil-water-monitor-2,6.79,4.91,497.9,Safe
soil-water-monitor-1,6.94,3.63,346.0,Safe
soil-water-monitor-2,7.39,3.07,270.6,Safe
soil-water-monitor-2,6.41,10.68,373.8,Moderate
soil-water-monitor-3,7.12,12.9,456.1,Moderate
soil-water-monitor-1,7.25,6.24,608.3,Moderate
soil-water-monitor-2,6.9,7.48,600.5,Moderate
soil-water-monitor-2,6.52,5.56,890.8,Moderate
soil-water-monitor-3,8.07,0.49,237.5,Safe
soil-water-monitor-3,6.28,3.19,586.5,Moderate
soil-water-monitor-1,6.6,2.02,276.8,Safe
soil-water-monitor-1,6.92,6.33,481.5,Safe
soil-water-monitor-2,6.65,6.22,391.2,Safe
soil-water-monitor-2,7.51,0.0,163.4,Safe
soil-water-monitor-1,7.74,3.22,199.7,Safe
soil-water-monitor-3,5.67,10.55,719.0,Unsafe
soil-water-monitor-3,6.49,3.56,803.0,Safe
soil-water-monitor-2,6.13,9.23,691.7,Unsafe
soil-water-monitor-2,7.56,5.49,156.0,Safe
soil-water-monitor-1,,25.22,1651.8,Critical
soil-water-monitor-3,6.69,3.22,135.4,Safe
soil-water-monitor-1,6.92,0.14,186.6,Safe
soil-water-monitor-1,7.51,5.59,263.1,Safe
soil-water-monitor-3,7.47,4.44,147.8,Safe
soil-water-monitor-3,5.38,35.38,921.6,Unsafe
soil-water-monitor-3,5.22,41.59,3123.4,Critical
soil-water-monitor-2,6.69,1.74,494.8,Safe
soil-water-monitor-1,6.85,2.55,164.7,Safe
soil-water-monitor-3,6.23,112.05,2254.9,Critical
soil-water-monitor-2,6.21,7.01,527.8,Moderate
soil-water-monitor-2,7.32,0.58,325.3,Safe
soil-water-monitor-2,4.72,73.51,3618.8,Critical
soil-water-monitor-1,6.69,7.59,681.5,Moderate
soil-water-monitor-2,5.49,35.35,1397.1,Unsafe
soil-water-monitor-2,5.91,28.27,1110.0,Unsafe
soil-water-monitor-2,6.28,7.24,703.3,Moderate
soil-water-monitor-1,6.98,4.8,748.6,Safe
soil-water-monitor-1,6.43,3.22,409.4,Safe
soil-water-monitor-2,7.35,6.28,561.7,Moderate
soil-water-monitor-1,7.14,8.87,533.3,Moderate
soil-water-monitor-3,7.1,2.03,363.6,Safe
soil-water-monitor-2,6.57,7.14,489.5,Moderate
soil-water-monitor-1,7.09,2.12,350.5,Safe
soil-water-monitor-1,6.55,5.33,492.3,Moderate
soil-water-monitor-3,5.86,8.81,794.9,Unsafe
soil-water-monitor-2,6.63,2.0,368.5,Safe
soil-water-monitor-3,7.4,2.74,485.0,Safe
soil-water-monitor-3,7.18,0.05,186.6,Safe
soil-water-monitor-1,7.26,3.23,281.1,Safe
soil-water-monitor-3,7.14,3.65,199.1,Safe
soil-water-monitor-3,6.54,1.63,171.8,Safe
soil-water-monitor-1,7.99,1.89,251.9,Safe
soil-water-monitor-3,,5.62,566.3,Moderate
soil-water-monitor-2,8.27,4.11,371.4,Safe
soil-water-monitor-2,7.17,4.52,351.1,Safe
soil-water-monitor-3,6.51,5.27,421.9,Safe
soil-water-monitor-3,3.01,94.49,2358.9,Critical
soil-water-monitor-3,6.61,1.08,416.1,Safe
soil-water-monitor-3,6.56,3.23,812.9,Moderate
soil-water-monitor-1,,30.48,1649.2,Critical
soil-water-monitor-3,6.51,0.0,451.8,Safe
soil-water-monitor-2,7.47,1.79,222.3,Safe
soil-water-monitor-2,4.69,16.49,1386.3,Critical
soil-water-monitor-2,4.77,32.81,1034.2,Critical
soil-water-monitor-2,6.92,89.33,2366.9,Unsafe
soil-water-monitor-3,7.05,1.05,231.9,Safe
soil-water-monitor-1,8.22,1.07,360.0,Safe
soil-water-monitor-1,6.66,9.24,557.3,Moderate
soil-water-monitor-2,8.15,2.22,253.0,Safe
soil-water-monitor-3,3.21,67.11,2434.6,Critical
soil-water-monitor-1,7.59,5.19,151.0,Safe
soil-water-monitor-2,5.58,8.25,711.8,Unsafe
soil-water-monitor-3,6.82,3.37,360.1,Safe
soil-water-monitor-3,6.99,6.27,220.8,Safe
soil-water-monitor-2,6.46,29.88,1016.1,Unsafe
soil-water-monitor-2,7.25,7.5,680.2,Moderate
soil-water-monitor-1,7.15,3.08,259.8,Safe
soil-water-monitor-3,6.88,0.0,369.3,Safe
soil-water-monitor-1,7.14,3.17,294.0,Safe
soil-water-monitor-3,6.16,1.31,185.2,Safe
soil-water-monitor-1,6.83,0.1,301.7,Safe
soil-water-monitor-2,7.38,2.43,195.0,Safe
soil-water-monitor-3,7.11,0.52,240.5,Safe
soil-water-monitor-2,6.12,19.45,1283.8,Unsafe
soil-water-monitor-2,7.54,3.03,238.7,Safe
soil-water-monitor-1,7.94,3.62,175.3,Safe
soil-water-monitor-3,4.85,3.45,935.3,Unsafe
soil-water-monitor-3,7.56,0.09,189.7,Safe
soil-water-monitor-3,6.39,1.39,314.3,Safe
soil-water-monitor-1,7.83,0.93,179.3,Safe
soil-water-monitor-1,7.73,0.36,205.6,Safe
soil-water-monitor-1,6.15,7.53,586.8,Moderate
soil-water-monitor-3,7.35,4.23,389.9,Safe
soil-water-monitor-3,7.27,5.95,845.5,Moderate
soil-water-monitor-2,7.3,1.96,320.7,Safe
soil-water-monitor-1,5.77,18.78,950.9,Unsafe
soil-water-monitor-1,6.51,0.65,224.7,Safe
soil-water-monitor-1,7.31,1.39,412.4,Safe
soil-water-monitor-2,7.08,5.67,597.1,Safe
soil-water-monitor-1,5.85,1.46,147.0,Moderate
soil-water-monitor-2,7.31,9.34,567.1,Moderate
soil-water-monitor-2,4.45,10.67,1585.0,Critical
soil-water-monitor-3,4.49,96.78,2574.0,Critical
soil-water-monitor-3,6.64,5.19,642.4,Moderate
soil-water-monitor-1,7.58,1.03,195.7,Safe
soil-water-monitor-2,7.55,1.87,247.7,Safe
soil-water-monitor-2,7.43,2.51,227.6,Safe
soil-water-monitor-1,6.73,0.0,403.1,Safe
soil-water-monitor-3,6.82,0.65,224.9,Safe
soil-water-monitor-2,7.37,0.0,441.5,Safe
soil-water-monitor-2,6.25,4.3,361.2,Safe
soil-water-monitor-3,6.55,7.99,619.4,Moderate
soil-water-monitor-1,4.5,54.68,779.5,Critical
soil-water-monitor-1,5.71,67.84,1654.6,Critical
soil-water-monitor-2,7.42,1.9,485.4,Safe
soil-water-monitor-2,5.44,23.73,1668.9,Critical
soil-water-monitor-1,6.31,8.4,355.4,Moderate
soil-water-monitor-2,7.48,2.63,436.0,Safe
soil-water-monitor-1,6.78,7.71,1001.0,Moderate
soil-water-monitor-2,6.87,11.53,613.9,Moderate
soil-water-monitor-1,6.7,6.69,877.0,Moderate
soil-water-monitor-1,5.97,6.4,507.5,Moderate
soil-water-monitor-2,5.96,6.28,813.5,Moderate
soil-water-monitor-2,5.1,11.76,1100.5,Critical
soil-water-monitor-3,7.77,1.61,154.4,Safe
soil-water-monitor-2,6.59,6.34,802.7,Moderate
soil-water-monitor-1,,5.8,884.2,Moderate
soil-water-monitor-1,3.55,62.03,2440.2,Critical
soil-water-monitor-1,5.38,117.25,1839.3,Critical
soil-water-monitor-3,6.5,14.96,1388.4,Unsafe
soil-water-monitor-2,6.24,3.93,689.6,Moderate
soil-water-monitor-1,7.19,0.0,294.9,Safe
soil-water-monitor-2,6.62,6.44,594.6,Moderate
soil-water-monitor-2,6.38,3.52,744.1,Moderate
soil-water-monitor-2,7.17,0.4,355.5,Safe
soil-water-monitor-1,6.25,3.43,685.7,Moderate
soil-water-monitor-2,7.7,1.7,380.9,Safe
soil-water-monitor-3,4.21,90.03,2990.2,Critical
soil-water-monitor-2,8.05,3.77,197.2,Safe
soil-water-monitor-1,3.88,52.61,2412.2,Critical
soil-water-monitor-2,7.15,22.92,1577.4,Unsafe
soil-water-monitor-1,4.72,69.93,2653.5,Critical
soil-water-monitor-2,5.32,29.01,2592.8,Critical
soil-water-monitor-1,6.15,10.85,568.3,Unsafe
soil-water-monitor-2,7.98,2.57,382.6,Safe
soil-water-monitor-3,6.43,6.9,772.3,Moderate
soil-water-monitor-3,6.65,2.63,156.1,Safe
soil-water-monitor-2,6.68,4.14,588.2,Safe
soil-water-monitor-1,7.57,1.34,341.2,Safe
soil-water-monitor-1,6.9,1.84,265.2,Safe
soil-water-monitor-1,5.89,31.17,1687.4,Unsafe
soil-water-monitor-3,7.09,1.24,146.1,Safe
soil-water-monitor-1,7.17,3.38,289.8,Safe
soil-water-monitor-3,4.97,59.54,2795.5,Critical
soil-water-monitor-1,7.08,2.89,343.9,Safe
soil-water-monitor-2,7.86,0.01,179.0,Safe
soil-water-monitor-3,6.41,31.25,1000.1,Unsafe
soil-water-monitor-3,3.62,74.2,3544.0,Critical
soil-water-monitor-1,6.35,3.44,673.4,Moderate
soil-water-monitor-1,7.26,2.03,397.3,Safe
soil-water-monitor-1,5.97,8.17,644.8,Unsafe
soil-water-monitor-2,7.94,5.59,570.5,Moderate
soil-water-monitor-2,7.94,1.96,276.4,Safe
soil-water-monitor-2,,8.1,652.8,Moderate
soil-water-monitor-3,6.97,9.65,613.8,Moderate
soil-water-monitor-1,7.14,4.03,764.0,Moderate
soil-water-monitor-3,7.91,4.98,262.7,Safe
soil-water-monitor-2,7.06,3.11,270.6,Safe
soil-water-monitor-1,5.45,18.1,1439.4,Critical
soil-water-monitor-3,6.74,6.65,605.7,Moderate
soil-water-monitor-2,5.51,33.24,1102.9,Unsafe
soil-water-monitor-3,7.47,5.63,210.5,Safe
soil-water-monitor-3,5.87,29.36,1041.4,Unsafe
soil-water-monitor-1,6.87,3.12,269.1,Safe
soil-water-monitor-1,4.72,19.32,1766.2,Critical
soil-water-monitor-3,6.82,5.17,471.6,Safe
soil-water-monitor-3,6.98,3.12,216.4,Safe
soil-water-monitor-3,7.27,0.81,263.3,Safe
soil-water-monitor-3,6.55,6.03,158.8,Safe
soil-water-monitor-3,7.75,1.25,163.8,Safe
soil-water-monitor-1,7.1,2.52,214.9,Safe
soil-water-monitor-2,7.19,3.41,530.8,Safe
soil-water-monitor-2,7.25,3.01,394.9,Safe
soil-water-monitor-2,6.55,8.49,1002.8,Moderate
soil-water-monitor-1,5.91,7.34,645.5,Unsafe
soil-water-monitor-1,7.38,3.01,217.4,Safe
soil-water-monitor-3,6.85,1.09,381.0,Safe
soil-water-monitor-2,5.0,22.52,1397.7,Critical
soil-water-monitor-2,6.44,4.66,459.0,Safe
soil-water-monitor-1,7.56,0.0,414.9,Safe
soil-water-monitor-1,7.63,1.13,294.7,Safe
soil-water-monitor-2,7.26,2.2,133.8,Safe
soil-water-monitor-3,6.62,9.57,857.7,Moderate
soil-water-monitor-1,6.34,7.41,783.4,Moderate
soil-water-monitor-1,5.36,36.57,1353.2,Critical
soil-water-monitor-3,7.32,5.72,613.1,Moderate
soil-water-monitor-3,6.78,92.59,1734.7,Unsafe
soil-water-monitor-3,6.81,2.75,259.6,Safe
soil-water-monitor-1,7.11,8.54,550.8,Moderate
soil-water-monitor-3,6.27,15.86,1091.5,Unsafe
soil-water-monitor-3,6.71,3.29,534.7,Moderate
soil-water-monitor-3,6.53,38.04,1302.7,Unsafe
soil-water-monitor-1,6.57,16.93,2157.1,Unsafe
soil-water-monitor-2,6.55,12.3,1010.4,Moderate
soil-water-monitor-2,5.69,105.17,2295.4,Critical
soil-water-monitor-3,5.87,18.83,761.7,Unsafe
soil-water-monitor-1,7.18,7.64,663.1,Moderate
soil-water-monitor-2,6.34,10.24,444.9,Moderate
soil-water-monitor-1,6.86,23.84,1749.8,Unsafe
soil-water-monitor-3,2.7,61.27,2357.6,Critical
soil-water-monitor-2,5.57,5.78,590.4,Unsafe
soil-water-monitor-2,7.26,0.58,433.6,Safe
soil-water-monitor-3,7.7,8.82,784.1,Moderate
soil-water-monitor-3,7.55,2.61,114.3,Safe
soil-water-monitor-3,7.5,6.9,205.7,Safe
soil-water-monitor-2,6.02,9.99,508.0,Moderate
soil-water-monitor-2,5.51,24.63,1351.3,Unsafe
soil-water-monitor-2,7.16,0.72,138.4,Safe
soil-water-monitor-1,5.61,10.52,531.9,Unsafe
soil-water-monitor-2,7.48,9.22,1199.9,Moderate
soil-water-monitor-2,5.61,12.07,1230.4,Unsafe
soil-water-monitor-2,6.22,7.4,665.5,Moderate
soil-water-monitor-3,6.62,10.62,639.1,Moderate
soil-water-monitor-1,6.17,5.63,758.7,Moderate
soil-water-monitor-2,6.73,0.0,375.7,Safe
soil-water-monitor-2,7.32,0.0,178.1,Safe
soil-water-monitor-1,6.94,0.0,491.6,Safe
soil-water-monitor-2,7.64,4.44,204.2,Safe
soil-water-monitor-3,3.32,56.99,3064.3,Critical
soil-water-monitor-3,7.1,6.37,388.6,Safe
soil-water-monitor-2,7.58,2.32,152.3,Safe
soil-water-monitor-3,6.9,3.42,395.1,Safe
soil-water-monitor-3,7.3,1.44,163.4,Safe
soil-water-monitor-2,7.66,2.1,295.2,Safe
soil-water-monitor-1,7.51,0.9,360.0,Safe
soil-water-monitor-3,6.67,27.74,1263.9,Unsafe
soil-water-monitor-2,7.89,3.99,354.6,Safe
soil-water-monitor-3,6.08,8.06,670.3,Moderate
soil-water-monitor-3,7.03,6.36,156.3,Safe
soil-water-monitor-1,7.54,3.8,330.6,Safe
soil-water-monitor-1,7.11,5.73,930.5,Moderate
soil-water-monitor-2,7.59,2.95,172.9,Safe
soil-water-monitor-3,5.81,6.79,725.7,Unsafe
soil-water-monitor-1,7.06,10.18,431.0,Safe
soil-water-monitor-3,5.61,26.23,1115.2,Unsafe
soil-water-monitor-3,6.33,8.68,794.5,Moderate
soil-water-monitor-1,5.65,16.43,1296.4,Unsafe
soil-water-monitor-2,6.85,0.91,374.6,Safe
soil-water-monitor-2,6.76,1.2,320.8,Safe
soil-water-monitor-1,5.43,7.14,762.3,Unsafe
soil-water-monitor-1,7.42,0.67,170.9,Safe
soil-water-monitor-3,7.07,9.62,676.6,Moderate
soil-water-monitor-1,6.94,3.05,243.3,Safe
soil-water-monitor-2,7.26,7.8,598.5,Moderate
soil-water-monitor-1,6.79,0.0,451.4,Safe
soil-water-monitor-1,7.39,9.05,798.8,Moderate
soil-water-monitor-1,7.45,3.35,364.4,Safe
soil-water-monitor-2,6.28,24.94,2602.1,Unsafe
soil-water-monitor-3,6.15,28.25,1015.0,Unsafe
soil-water-monitor-2,7.14,1.0,293.8,Safe
soil-water-monitor-1,6.15,2.63,363.1,Safe
soil-water-monitor-1,7.98,0.0,218.0,Safe
soil-water-monitor-2,5.94,11.75,1843.5,Unsafe
soil-water-monitor-1,4.9,51.96,1562.4,Critical
soil-water-monitor-3,7.03,2.16,327.8,Safe
soil-water-monitor-3,7.92,2.22,274.2,Safe
soil-water-monitor-1,6.77,8.06,691.2,Moderate
soil-water-monitor-3,7.51,6.09,179.4,Safe
soil-water-monitor-1,6.97,10.73,766.7,Moderate
soil-water-monitor-3,7.22,0.46,256.3,Safe
soil-water-monitor-2,7.63,3.28,421.3,Safe
soil-water-monitor-2,7.38,0.02,253.5,Safe
soil-water-monitor-2,6.99,0.0,212.7,Safe
soil-water-monitor-1,7.3,10.25,679.6,Moderate
soil-water-monitor-2,6.99,0.0,214.6,Safe
soil-water-monitor-3,7.01,25.14,1783.0,Unsafe
soil-water-monitor-1,7.8,1.88,331.8,Safe
soil-water-monitor-1,7.35,1.75,192.7,Safe
soil-water-monitor-3,7.77,0.0,179.2,Safe
soil-water-monitor-1,5.64,56.64,1856.8,Critical
soil-water-monitor-2,7.55,2.74,173.0,Safe
soil-water-monitor-3,7.05,5.1,641.8,Moderate
soil-water-monitor-3,7.73,1.73,168.7,Safe
soil-water-monitor-1,7.02,2.65,307.3,Safe
soil-water-monitor-1,7.48,1.91,205.5,Safe
soil-water-monitor-2,6.88,1.88,277.4,Safe
soil-water-monitor-3,6.22,19.6,1495.5,Unsafe
soil-water-monitor-1,6.93,7.36,722.1,Moderate
soil-water-monitor-3,7.52,2.86,250.8,Safe
soil-water-monitor-1,5.09,3.83,684.3,Unsafe
soil-water-monitor-1,7.43,2.69,187.4,Safe
soil-water-monitor-2,5.89,2.92,473.8,Moderate
soil-water-monitor-2,5.06,19.8,1458.2,Critical
soil-water-monitor-2,7.73,2.49,331.8,Safe
soil-water-monitor-2,7.34,6.83,945.6,Moderate
soil-water-monitor-3,6.82,6.06,614.3,Moderate
soil-water-monitor-3,5.35,15.46,2196.2,Critical
soil-water-monitor-1,7.03,4.24,300.1,Safe
soil-water-monitor-1,4.49,41.9,1482.8,Critical
soil-water-monitor-1,7.1,2.49,328.3,Safe
soil-water-monitor-1,7.44,1.53,152.7,Safe
soil-water-monitor-3,6.73,2.27,158.7,Safe
soil-water-monitor-2,7.33,4.41,357.6,Safe
soil-water-monitor-1,7.3,9.13,577.1,Moderate
soil-water-monitor-2,6.44,5.6,636.2,Moderate
soil-water-monitor-2,7.36,3.01,252.4,Safe
soil-water-monitor-2,7.41,1.59,459.7,Safe
soil-water-monitor-3,7.1,0.0,256.7,Safe
soil-water-monitor-3,6.44,4.45,590.9,Moderate
soil-water-monitor-2,6.17,19.03,906.9,Unsafe
soil-water-monitor-1,4.32,95.09,2494.9,Critical
soil-water-monitor-1,5.24,18.21,1396.8,Critical
soil-water-monitor-2,7.59,4.44,248.0,Safe
soil-water-monitor-3,6.05,5.3,611.0,Moderate
soil-water-monitor-1,7.48,6.89,677.5,Moderate
soil-water-monitor-3,5.39,29.01,1012.5,Critical
soil-water-monitor-3,6.94,7.92,479.7,Safe
soil-water-monitor-1,6.33,8.23,859.3,Moderate
soil-water-monitor-1,7.0,33.24,1051.6,Unsafe
soil-water-monitor-3,6.83,10.31,623.0,Moderate
soil-water-monitor-1,7.37,0.67,500.2,Safe
soil-water-monitor-1,5.84,7.38,671.1,Unsafe
soil-water-monitor-3,7.5,3.88,266.6,Safe
soil-water-monitor-2,6.91,2.44,307.7,Safe
soil-water-monitor-1,7.2,1.19,452.9,Safe
soil-water-monitor-1,6.16,17.26,1098.7,Unsafe
soil-water-monitor-3,7.97,1.29,267.3,Safe
soil-water-monitor-3,6.52,10.6,523.5,Moderate
soil-water-monitor-1,4.39,80.59,1456.5,Critical
soil-water-monitor-1,7.33,2.11,216.1,Safe
soil-water-monitor-2,7.2,3.59,281.1,Safe
soil-water-monitor-1,7.07,0.93,366.2,Safe
soil-water-monitor-3,6.91,2.52,246.2,Safe
soil-water-monitor-3,7.27,1.88,273.1,Safe
soil-water-monitor-3,7.61,2.97,348.1,Safe
soil-water-monitor-3,2.3,42.04,2849.8,Critical
soil-water-monitor-3,5.24,143.09,4634.5,Critical
soil-water-monitor-3,4.02,86.99,2085.0,Critical
soil-water-monitor-3,6.62,11.73,336.1,Moderate
soil-water-monitor-2,7.58,1.7,171.6,Safe
soil-water-monitor-1,6.55,14.69,1680.3,Unsafe
soil-water-monitor-3,7.77,1.52,442.7,Safe
soil-water-monitor-2,7.22,2.86,215.6,Safe
soil-water-monitor-1,8.08,0.85,160.5,Safe
soil-water-monitor-3,,3.95,727.8,Safe
soil-water-monitor-2,7.2,3.08,318.6,Safe
soil-water-monitor-3,4.33,82.44,1987.6,Critical
soil-water-monitor-3,6.89,3.21,337.0,Safe
soil-water-monitor-3,6.36,8.97,492.1,Moderate
soil-water-monitor-3,7.0,4.37,563.2,Safe
soil-water-monitor-1,6.76,6.21,745.7,Moderate
soil-water-monitor-3,6.86,1.03,269.7,Safe
soil-water-monitor-1,8.04,0.16,351.4,Safe
soil-water-monitor-2,6.58,5.27,631.7,Moderate
soil-water-monitor-2,4.47,28.97,1360.1,Critical
soil-water-monitor-2,7.18,2.31,204.6,Safe
soil-water-monitor-2,6.78,0.86,328.5,Safe
soil-water-monitor-3,3.95,115.86,3664.9,Critical
soil-water-monitor-2,6.69,3.14,256.5,Safe
soil-water-monitor-2,7.23,26.53,2438.7,Unsafe
soil-water-monitor-2,7.24,1.72,399.8,Safe
soil-water-monitor-3,6.37,5.3,659.5,Safe
soil-water-monitor-1,6.63,4.36,259.7,Safe
soil-water-monitor-3,6.75,28.67,1007.7,Moderate
soil-water-monitor-3,7.62,0.86,233.3,Safe
soil-water-monitor-3,7.43,4.58,293.1,Safe
soil-water-monitor-1,6.95,15.73,1220.1,Unsafe
soil-water-monitor-1,6.92,10.32,531.0,Moderate
soil-water-monitor-1,6.99,19.9,1722.6,Unsafe
soil-water-monitor-3,7.59,2.7,139.9,Safe
soil-water-monitor-3,6.01,6.0,757.8,Moderate
soil-water-monitor-3,6.46,5.29,744.4,Moderate
soil-water-monitor-2,6.9,8.51,589.2,Moderate
soil-water-monitor-2,5.7,24.99,1401.3,Unsafe
soil-water-monitor-2,6.55,25.96,1016.5,Unsafe
soil-water-monitor-3,7.27,0.45,261.0,Safe
soil-water-monitor-3,7.08,5.73,764.6,Moderate
soil-water-monitor-2,6.36,7.54,502.9,Moderate
soil-water-monitor-1,7.99,3.13,262.7,Safe
soil-water-monitor-3,8.31,2.13,271.3,Safe
soil-water-monitor-1,7.2,1.14,204.8,Safe
soil-water-monitor-2,4.38,35.46,1911.2,Critical
soil-water-monitor-2,7.34,0.0,252.2,Safe
soil-water-monitor-2,6.35,16.0,1021.7,Unsafe
soil-water-monitor-3,5.88,70.6,2243.8,Critical
soil-water-monitor-3,7.34,0.08,392.9,Safe
soil-water-monitor-1,7.27,2.57,146.2,Safe
soil-water-monitor-1,6.44,30.83,1729.8,Unsafe
soil-water-monitor-3,7.96,3.15,317.1,Safe
soil-water-monitor-1,6.07,12.01,522.1,Unsafe
soil-water-monitor-2,7.79,2.77,127.5,Safe
soil-water-monitor-2,7.47,0.48,270.6,Safe
soil-water-monitor-1,5.59,26.26,1314.8,Unsafe
soil-water-monitor-2,6.81,0.0,339.2,Safe
soil-water-monitor-1,6.36,9.32,650.4,Moderate
soil-water-monitor-1,6.13,8.16,511.2,Moderate
soil-water-monitor-2,6.61,3.57,931.2,Safe
soil-water-monitor-1,7.78,0.96,293.4,Safe
soil-water-monitor-1,6.25,33.49,2026.6,Unsafe
soil-water-monitor-1,6.49,7.31,955.5,Moderate
soil-water-monitor-2,7.45,1.3,283.3,Safe
soil-water-monitor-1,7.43,2.87,282.3,Safe
soil-water-monitor-3,7.67,3.99,292.7,Safe
soil-water-monitor-3,6.97,27.51,1059.5,Unsafe
soil-water-monitor-2,6.31,4.24,652.9,Moderate
soil-water-monitor-1,7.44,2.78,381.1,Safe
soil-water-monitor-2,7.39,4.14,629.3,Moderate
soil-water-monitor-1,7.67,4.46,258.0,Safe
soil-water-monitor-1,6.37,5.23,830.7,Moderate
soil-water-monitor-2,7.1,1.41,414.7,Safe
soil-water-monitor-1,7.1,30.96,1019.3,Moderate
soil-water-monitor-1,6.87,3.75,219.8,Safe
soil-water-monitor-2,5.59,11.07,1688.0,Unsafe
soil-water-monitor-2,7.27,0.77,226.8,Safe
soil-water-monitor-3,8.13,1.33,339.4,Safe
soil-water-monitor-3,,2.58,328.9,Safe
soil-water-monitor-1,6.67,10.71,794.1,Moderate
soil-water-monitor-3,4.08,61.4,2160.7,Critical
soil-water-monitor-1,6.83,1.61,185.0,Safe
soil-water-monitor-3,7.39,4.34,265.1,Safe
soil-water-monitor-1,4.4,56.89,2327.2,Critical
soil-water-monitor-2,6.23,25.18,871.9,Unsafe
soil-water-monitor-3,,22.05,1666.3,Unsafe
soil-water-monitor-2,4.85,58.7,3912.3,Critical
soil-water-monitor-2,6.84,6.05,622.0,Safe
soil-water-monitor-3,6.49,6.47,725.1,Moderate
soil-water-monitor-2,6.46,8.85,765.7,Moderate
soil-water-monitor-3,6.3,18.54,743.7,Unsafe
soil-water-monitor-2,6.64,1.53,215.6,Safe
soil-water-monitor-1,7.11,3.42,274.2,Safe
soil-water-monitor-2,6.86,3.75,392.7,Safe
soil-water-monitor-2,7.29,3.09,233.7,Safe
soil-water-monitor-2,7.62,1.58,113.7,Safe
soil-water-monitor-1,6.04,23.8,1713.5,Unsafe
soil-water-monitor-2,6.97,9.19,744.6,Moderate
soil-water-monitor-3,6.03,24.93,1275.8,Unsafe
soil-water-monitor-3,8.06,0.37,300.2,Safe
soil-water-monitor-3,5.89,33.42,1258.5,Unsafe
soil-water-monitor-1,7.11,2.24,448.8,Safe
soil-water-monitor-3,6.61,17.25,1227.4,Unsafe
soil-water-monitor-1,7.35,0.0,176.5,Safe
soil-water-monitor-3,7.77,4.79,203.0,Safe
soil-water-monitor-3,7.94,3.96,155.2,Safe
soil-water-monitor-3,4.72,22.3,1452.5,Critical
soil-water-monitor-3,7.7,2.16,512.4,Safe
soil-water-monitor-3,7.74,2.53,138.2,Safe
soil-water-monitor-1,6.18,28.05,1157.8,Unsafe
soil-water-monitor-3,7.72,4.37,259.1,Safe
soil-water-monitor-3,4.32,66.59,2456.2,Critical
soil-water-monitor-3,7.33,22.23,1444.0,Unsafe
soil-water-monitor-1,7.27,1.72,204.8,Safe
soil-water-monitor-2,6.79,12.22,680.0,Moderate
soil-water-monitor-2,7.12,0.0,409.8,Safe
soil-water-monitor-3,6.81,0.49,219.4,Safe
soil-water-monitor-3,7.33,9.98,296.1,Safe
soil-water-monitor-2,6.95,6.22,573.4,Safe
soil-water-monitor-3,7.41,4.33,208.3,Safe
soil-water-monitor-2,7.36,6.01,673.2,Moderate
soil-water-monitor-1,5.2,30.03,1469.0,Unsafe
soil-water-monitor-1,6.77,24.29,1894.3,Unsafe
soil-water-monitor-3,6.07,0.03,359.0,Safe
soil-water-monitor-3,7.04,3.64,560.7,Safe
soil-water-monitor-2,7.89,1.89,423.4,Safe
soil-water-monitor-3,7.61,0.28,118.4,Safe
soil-water-monitor-3,7.33,0.24,323.6,Safe
soil-water-monitor-1,7.19,9.79,694.7,Moderate
soil-water-monitor-3,7.68,5.14,287.9,Safe
soil-water-monitor-1,5.92,5.62,635.6,Moderate
soil-water-monitor-1,6.97,5.31,801.8,Moderate
soil-water-monitor-1,6.82,2.18,377.6,Safe
soil-water-monitor-1,6.04,7.42,867.4,Moderate
soil-water-monitor-1,7.06,4.81,328.7,Safe
soil-water-monitor-2,3.55,41.4,4335.7,Critical
soil-water-monitor-2,6.83,1.59,408.1,Safe
soil-water-monitor-1,6.28,6.3,329.6,Moderate
soil-water-monitor-2,7.48,3.85,470.4,Safe
soil-water-monitor-3,5.91,9.01,876.4,Moderate
soil-water-monitor-1,6.27,5.83,682.0,Moderate
soil-water-monitor-2,7.84,1.89,459.0,Safe
soil-water-monitor-3,6.68,3.9,903.1,Safe
soil-water-monitor-2,5.55,16.9,1191.3,Critical
soil-water-monitor-1,6.85,5.38,581.1,Safe
soil-water-monitor-2,7.23,0.0,138.1,Safe
soil-water-monitor-2,6.39,5.08,706.8,Moderate
soil-water-monitor-2,7.7,0.73,250.6,Safe
soil-water-monitor-2,7.1,2.01,278.2,Safe
soil-water-monitor-3,6.69,3.65,571.5,Safe
soil-water-monitor-2,6.74,1.04,191.0,Safe
soil-water-monitor-3,7.48,8.68,781.0,Moderate
soil-water-monitor-1,7.7,0.0,272.7,Safe
soil-water-monitor-2,6.49,0.75,140.6,Safe
soil-water-monitor-2,7.56,3.92,372.9,Safe
soil-water-monitor-3,6.79,2.31,168.9,Safe
soil-water-monitor-3,8.05,1.62,258.0,Safe
soil-water-monitor-1,8.19,0.0,366.5,Safe
soil-water-monitor-1,7.59,19.61,1062.6,Unsafe
soil-water-monitor-2,6.45,0.0,248.9,Safe
soil-water-monitor-1,7.13,0.99,221.3,Safe
soil-water-monitor-2,3.95,77.72,2723.6,Critical
soil-water-monitor-3,6.14,46.28,1335.1,Unsafe
soil-water-monitor-3,8.4,36.59,1148.2,Unsafe
soil-water-monitor-3,6.11,21.32,1017.4,Unsafe
soil-water-monitor-3,5.77,12.15,1398.5,Unsafe
soil-water-monitor-1,7.01,1.53,190.4,Safe
soil-water-monitor-1,4.8,15.18,1202.6,Critical
soil-water-monitor-2,7.52,0.0,373.9,Safe
soil-water-monitor-3,8.02,3.41,470.8,Safe
soil-water-monitor-1,7.32,3.3,322.8,Safe
soil-water-monitor-1,5.52,44.74,1276.9,Unsafe
soil-water-monitor-2,6.95,6.22,432.0,Safe
soil-water-monitor-3,7.15,1.22,339.3,Safe
soil-water-monitor-3,7.82,3.89,289.1,Safe
soil-water-monitor-2,8.12,0.48,127.3,Safe
soil-water-monitor-3,6.37,8.52,546.2,Moderate
soil-water-monitor-3,6.73,0.73,314.7,Safe
soil-water-monitor-3,6.68,3.52,263.3,Safe
soil-water-monitor-3,4.64,67.7,2239.0,Critical
soil-water-monitor-2,7.55,25.31,1343.0,Unsafe
soil-water-monitor-3,7.44,22.59,953.2,Moderate
soil-water-monitor-3,6.63,0.0,269.0,Safe
soil-water-monitor-1,7.36,0.0,318.4,Safe
soil-water-monitor-1,6.63,1.75,258.7,Safe
soil-water-monitor-1,5.44,18.96,1183.1,Critical
soil-water-monitor-1,5.3,6.98,2439.1,Unsafe
soil-water-monitor-1,7.75,6.77,494.2,Safe
soil-water-monitor-1,5.27,68.67,3316.3,Critical
soil-water-monitor-1,6.57,4.77,435.9,Safe
soil-water-monitor-2,6.08,8.97,510.4,Moderate
soil-water-monitor-2,6.09,7.41,679.6,Moderate
soil-water-monitor-1,4.66,45.72,2425.2,Critical
soil-water-monitor-3,7.97,6.31,236.3,Safe
soil-water-monitor-2,5.48,25.56,1497.6,Unsafe
soil-water-monitor-2,7.49,0.79,222.5,Safe
soil-water-monitor-3,7.63,1.6,171.8,Safe
soil-water-monitor-2,8.26,1.79,443.2,Safe
soil-water-monitor-3,6.87,0.27,342.9,Safe
soil-water-monitor-3,6.59,12.89,543.1,Moderate
soil-water-monitor-1,6.63,4.76,758.1,Moderate
soil-water-monitor-1,7.76,2.28,285.4,Safe
soil-water-monitor-3,5.72,5.27,703.4,Moderate
soil-water-monitor-3,7.26,4.14,731.4,Moderate
soil-water-monitor-3,6.32,4.78,482.7,Safe
soil-water-monitor-1,5.84,6.02,574.2,Moderate
soil-water-monitor-1,5.39,17.1,1723.4,Critical
soil-water-monitor-1,7.63,3.12,322.0,Safe
soil-water-monitor-1,6.54,14.26,1363.4,Unsafe
soil-water-monitor-3,7.24,0.09,327.7,Safe
soil-water-monitor-1,7.14,1.26,274.6,Safe
soil-water-monitor-2,6.18,6.47,488.6,Safe
soil-water-monitor-2,5.83,26.61,1969.3,Unsafe
soil-water-monitor-1,6.88,10.31,831.6,Moderate
soil-water-monitor-1,7.29,5.02,395.0,Safe
soil-water-monitor-3,5.86,5.75,945.2,Unsafe
soil-water-monitor-1,7.65,6.34,964.3,Moderate
soil-water-monitor-1,7.37,2.04,556.1,Safe
soil-water-monitor-3,7.23,2.99,468.3,Safe
soil-water-monitor-1,6.13,33.02,1415.9,Unsafe
soil-water-monitor-3,7.04,3.77,401.5,Safe
soil-water-monitor-1,6.15,7.74,353.1,Moderate
soil-water-monitor-1,6.56,34.14,1101.1,Unsafe
soil-water-monitor-2,7.94,7.34,530.8,Moderate
soil-water-monitor-2,,5.81,631.4,Moderate
soil-water-monitor-1,6.52,7.5,768.6,Safe
soil-water-monitor-1,6.5,1.74,297.9,Safe
soil-water-monitor-3,6.44,1.65,381.6,Safe
soil-water-monitor-2,5.14,16.0,1374.0,Critical
soil-water-monitor-3,,3.23,216.4,Safe
soil-water-monitor-1,6.01,5.13,860.1,Moderate
soil-water-monitor-1,7.05,5.97,825.1,Moderate
soil-water-monitor-1,6.62,3.42,210.5,Safe
soil-water-monitor-3,6.18,27.31,1042.2,Unsafe
soil-water-monitor-2,6.75,28.01,1304.3,Unsafe
soil-water-monitor-2,7.04,4.09,234.0,Safe
soil-water-monitor-1,6.07,37.86,1620.3,Unsafe
soil-water-monitor-1,7.69,0.0,190.8,Safe
soil-water-monitor-1,5.14,22.28,1213.1,Critical
soil-water-monitor-1,7.03,6.66,411.4,Safe
soil-water-monitor-1,6.14,7.66,444.7,Moderate
soil-water-monitor-3,6.64,0.78,69.4,Safe
soil-water-monitor-3,6.25,4.34,656.7,Moderate
soil-water-monitor-2,8.11,0.0,291.8,Safe
soil-water-monitor-3,6.4,6.89,669.3,Moderate
soil-water-monitor-2,5.41,11.51,1503.7,Unsafe
soil-water-monitor-2,7.32,4.45,67.3,Safe
soil-water-monitor-1,8.4,4.0,437.4,Safe
soil-water-monitor-2,6.66,5.33,396.7,Safe
soil-water-monitor-3,6.53,2.5,334.4,Safe
soil-water-monitor-2,7.58,8.24,645.1,Moderate
soil-water-monitor-3,6.12,8.79,531.0,Moderate
soil-water-monitor-1,7.53,0.0,339.0,Safe
soil-water-monitor-2,6.61,2.31,300.2,Safe
soil-water-monitor-3,6.56,2.56,257.4,Safe
soil-water-monitor-3,,3.29,225.6,Safe
soil-water-monitor-3,7.27,1.52,220.9,Safe
soil-water-monitor-1,7.88,0.09,393.2,Safe
soil-water-monitor-2,7.61,2.29,397.4,Safe
soil-water-monitor-3,7.67,10.18,522.2,Moderate
soil-water-monitor-1,7.33,3.27,58.8,Safe
soil-water-monitor-3,7.23,9.18,803.7,Moderate
soil-water-monitor-2,5.54,28.87,1010.8,Unsafe
soil-water-monitor-3,7.58,4.94,206.4,Safe
soil-water-monitor-1,4.42,80.71,3035.9,Critical
soil-water-monitor-1,7.76,4.15,367.2,Safe
soil-water-monitor-1,8.07,4.39,390.5,Safe
soil-water-monitor-3,7.66,4.04,176.1,Safe
soil-water-monitor-2,6.57,3.95,470.0,Safe
soil-water-monitor-2,6.93,0.94,346.3,Safe
soil-water-monitor-2,7.06,1.4,345.1,Safe
soil-water-monitor-3,7.87,4.41,360.6,Safe
soil-water-monitor-1,6.06,24.3,1175.5,Unsafe
soil-water-monitor-2,7.51,0.96,285.8,Safe
soil-water-monitor-2,7.79,1.46,294.1,Safe
soil-water-monitor-2,7.27,2.59,203.8,Safe
soil-water-monitor-2,6.67,0.65,273.7,Safe
soil-water-monitor-1,6.24,17.33,2135.6,Unsafe
soil-water-monitor-3,7.37,1.72,378.8,Safe
soil-water-monitor-3,3.7,113.07,3416.2,Critical
soil-water-monitor-1,6.68,7.06,965.7,Moderate
soil-water-monitor-1,6.73,3.81,232.2,Safe
soil-water-monitor-3,6.71,5.93,774.2,Safe
soil-water-monitor-3,7.18,2.4,264.3,Safe
soil-water-monitor-2,7.15,0.34,184.2,Safe
soil-water-monitor-2,4.76,22.53,1427.9,Critical
soil-water-monitor-3,6.15,9.58,1465.1,Unsafe
soil-water-monitor-1,7.02,0.0,305.9,Safe
soil-water-monitor-3,6.99,1.84,510.7,Safe
soil-water-monitor-1,7.11,2.91,263.1,Safe
soil-water-monitor-1,5.34,95.48,3677.4,Critical
soil-water-monitor-1,3.88,188.58,3401.4,Critical
soil-water-monitor-2,6.57,14.94,1754.2,Unsafe
soil-water-monitor-2,6.52,8.27,600.0,Moderate
soil-water-monitor-3,7.53,1.73,336.2,Safe
soil-water-monitor-1,7.3,3.58,136.1,Safe
soil-water-monitor-1,7.47,1.64,365.9,Safe
soil-water-monitor-2,5.38,12.37,1382.6,Unsafe
soil-water-monitor-3,6.84,5.44,595.1,Moderate
soil-water-monitor-2,4.67,29.57,766.8,Unsafe
soil-water-monitor-2,4.24,18.71,1511.9,Critical
soil-water-monitor-1,8.04,2.82,177.1,Safe
soil-water-monitor-3,7.77,4.59,478.4,Safe
soil-water-monitor-3,3.31,66.85,2221.5,Critical
soil-water-monitor-2,6.58,3.63,986.8,Safe
soil-water-monitor-2,4.59,18.1,1208.5,Critical
soil-water-monitor-2,7.52,3.36,278.6,Safe
soil-water-monitor-3,6.97,1.42,294.3,Safe
soil-water-monitor-2,6.22,3.05,583.9,Moderate
soil-water-monitor-3,7.13,4.43,244.8,Safe
soil-water-monitor-1,7.3,22.22,1147.3,Unsafe
soil-water-monitor-1,8.02,2.29,156.5,Safe
soil-water-monitor-1,6.34,36.06,1043.2,Unsafe
soil-water-monitor-1,8.11,0.0,285.0,Safe
soil-water-monitor-1,7.73,1.24,110.3,Safe
soil-water-monitor-1,6.86,3.11,403.3,Safe
soil-water-monitor-1,6.96,7.05,665.9,Moderate
soil-water-monitor-1,6.87,3.57,480.5,Safe
soil-water-monitor-1,7.23,2.63,217.9,Safe
soil-water-monitor-2,6.1,11.11,646.1,Unsafe
soil-water-monitor-3,6.06,8.17,930.9,Moderate
soil-water-monitor-3,7.44,1.04,266.0,Safe
soil-water-monitor-2,6.54,25.48,1084.4,Unsafe
soil-water-monitor-2,7.25,0.0,273.4,Safe
soil-water-monitor-2,3.92,94.02,3047.0,Critical
soil-water-monitor-2,3.41,79.82,3037.7,Critical
soil-water-monitor-3,5.73,20.16,970.1,Unsafe
soil-water-monitor-3,6.15,4.66,667.6,Moderate
soil-water-monitor-1,7.01,4.36,278.6,Safe
soil-water-monitor-3,6.98,2.7,190.3,Safe
soil-water-monitor-2,7.11,0.85,164.0,Safe
soil-water-monitor-1,6.91,10.03,1737.4,Moderate
soil-water-monitor-2,7.38,2.99,297.1,Safe
soil-water-monitor-1,6.98,2.79,153.1,Safe
soil-water-monitor-2,7.15,3.76,633.6,Moderate
soil-water-monitor-1,6.54,4.09,205.0,Safe
soil-water-monitor-1,6.5,2.96,218.0,Safe
soil-water-monitor-2,7.27,1.68,306.4,Safe
soil-water-monitor-1,6.76,2.68,250.2,Safe
soil-water-monitor-1,6.62,10.99,676.8,Moderate
soil-water-monitor-3,4.41,23.05,996.5,Critical
soil-water-monitor-2,7.12,2.31,255.2,Safe
soil-water-monitor-2,6.4,3.12,792.1,Moderate
soil-water-monitor-2,6.34,6.65,387.5,Moderate
soil-water-monitor-2,6.85,2.52,324.5,Safe
soil-water-monitor-1,6.69,3.77,230.4,Safe
soil-water-monitor-3,6.86,0.82,287.9,Safe
soil-water-monitor-1,6.72,9.33,563.1,Moderate
soil-water-monitor-3,7.21,4.78,247.6,Safe
soil-water-monitor-3,6.58,6.06,682.3,Moderate
soil-water-monitor-1,6.89,2.26,404.3,Safe
soil-water-monitor-2,6.87,8.47,661.5,Moderate
soil-water-monitor-3,6.58,1.88,239.6,Safe
soil-water-monitor-2,7.25,1.2,352.9,Safe
soil-water-monitor-2,5.17,46.63,1297.2,Critical
soil-water-monitor-1,7.02,5.94,876.4,Moderate
soil-water-monitor-3,7.09,3.15,173.2,Safe
soil-water-monitor-2,5.37,139.04,2623.8,Critical
soil-water-monitor-2,6.24,10.89,673.6,Moderate
soil-water-monitor-2,4.24,89.57,2706.9,Critical
soil-water-monitor-3,5.72,29.49,1741.6,Unsafe
soil-water-monitor-1,7.02,5.27,602.6,Moderate
soil-water-monitor-3,8.17,1.75,290.6,Safe
soil-water-monitor-3,5.48,17.15,985.8,Unsafe
soil-water-monitor-3,6.66,8.93,699.8,Moderate
soil-water-monitor-2,7.34,9.69,1026.7,Moderate
soil-water-monitor-2,6.77,0.9,304.6,Safe
soil-water-monitor-3,6.62,0.58,382.5,Safe
soil-water-monitor-1,6.4,6.92,664.2,Moderate
soil-water-monitor-2,6.43,7.74,925.5,Moderate
soil-water-monitor-3,5.82,4.78,576.2,Moderate
soil-water-monitor-1,7.27,0.29,119.2,Safe
soil-water-monitor-1,6.58,6.36,587.9,Moderate
soil-water-monitor-3,6.87,3.98,286.6,Safe
soil-water-monitor-2,6.58,6.96,411.5,Moderate
soil-water-monitor-2,,0.0,181.3,Safe
soil-water-monitor-1,6.62,3.86,674.7,Moderate
soil-water-monitor-1,6.94,0.37,190.7,Safe
soil-water-monitor-3,7.37,3.72,290.6,Safe
soil-water-monitor-2,7.57,8.17,645.8,Moderate
soil-water-monitor-3,7.67,3.11,236.5,Safe
soil-water-monitor-2,6.66,35.37,1549.8,Unsafe
soil-water-monitor-3,6.78,0.71,250.9,Safe
soil-water-monitor-3,5.55,21.9,1346.7,Unsafe
soil-water-monitor-3,5.99,6.42,679.6,Unsafe
soil-water-monitor-3,7.26,2.24,253.7,Safe
soil-water-monitor-3,7.11,9.66,445.8,Safe
soil-water-monitor-1,7.37,13.52,1338.4,Unsafe
soil-water-monitor-3,7.17,1.86,406.4,Safe
soil-water-monitor-2,6.56,5.39,787.9,Safe
soil-water-monitor-2,5.63,5.02,611.8,Unsafe
soil-water-monitor-2,7.23,0.0,289.8,Safe
soil-water-monitor-2,,2.8,159.5,Safe
soil-water-monitor-3,7.18,1.08,362.1,Safe
soil-water-monitor-3,7.57,0.0,339.8,Safe
soil-water-monitor-1,5.7,27.67,1710.2,Unsafe
soil-water-monitor-2,6.25,4.98,565.3,Moderate
soil-water-monitor-1,5.19,7.92,671.4,Unsafe
soil-water-monitor-3,6.26,3.25,519.5,Moderate
soil-water-monitor-3,5.16,12.2,1263.0,Critical
soil-water-monitor-3,7.21,10.35,796.4,Moderate
soil-water-monitor-1,5.29,10.57,567.0,Unsafe
soil-water-monitor-1,7.39,1.53,347.7,Safe
soil-water-monitor-1,2.41,96.32,2600.9,Critical
soil-water-monitor-1,5.37,153.76,2062.1,Critical
soil-water-monitor-2,6.57,1.08,395.9,Safe
soil-water-monitor-3,5.92,5.06,953.1,Moderate
soil-water-monitor-2,6.45,45.18,1236.9,Unsafe
soil-water-monitor-1,5.69,44.06,2069.9,Critical
soil-water-monitor-1,7.86,16.54,1679.6,Unsafe
soil-water-monitor-1,4.57,94.18,3973.8,Critical
soil-water-monitor-2,7.2,1.35,288.7,Safe
soil-water-monitor-2,2.26,94.77,3675.5,Critical
soil-water-monitor-1,3.69,25.68,1482.1,Critical
soil-water-monitor-3,6.86,12.01,723.6,Moderate
soil-water-monitor-1,6.73,25.71,980.5,Moderate
soil-water-monitor-3,7.52,2.93,181.7,Safe
soil-water-monitor-3,7.68,0.0,244.9,Safe
soil-water-monitor-3,6.98,1.88,368.9,Safe
soil-water-monitor-2,7.63,3.9,309.6,Safe
soil-water-monitor-2,7.05,2.65,210.9,Safe
soil-water-monitor-2,7.16,14.03,666.5,Moderate
soil-water-monitor-1,6.66,3.6,528.0,Safe
soil-water-monitor-2,7.17,6.59,708.2,Moderate
soil-water-monitor-2,6.91,1.9,269.7,Safe
soil-water-monitor-1,5.34,4.52,426.6,Moderate
soil-water-monitor-3,5.68,14.0,1947.6,Unsafe
soil-water-monitor-2,6.71,3.4,187.2,Safe
soil-water-monitor-2,6.68,5.82,538.9,Moderate
soil-water-monitor-1,7.05,0.0,390.1,Safe
soil-water-monitor-1,7.25,0.81,145.4,Safe
soil-water-monitor-1,5.7,2.25,863.8,Moderate
soil-water-monitor-3,5.26,3.86,590.5,Moderate
soil-water-monitor-2,4.74,12.5,540.2,Unsafe
soil-water-monitor-2,7.49,0.0,364.6,Safe
soil-water-monitor-3,7.49,8.73,682.2,Moderate
soil-water-monitor-3,6.57,3.67,253.7,Safe
soil-water-monitor-3,7.32,1.04,79.7,Safe
soil-water-monitor-3,6.65,5.82,856.4,Moderate
soil-water-monitor-3,7.68,2.94,374.3,Safe
soil-water-monitor-2,5.36,5.07,421.9,Moderate
soil-water-monitor-1,7.86,0.0,179.3,Safe
soil-water-monitor-3,7.51,8.36,671.2,Moderate
soil-water-monitor-2,7.3,0.0,222.7,Safe
soil-water-monitor-2,5.41,67.17,2790.8,Critical
soil-water-monitor-3,5.22,21.02,2270.6,Critical
soil-water-monitor-1,6.16,10.43,654.0,Moderate
soil-water-monitor-3,7.38,1.55,197.0,Safe
soil-water-monitor-3,7.57,0.0,205.2,Safe
soil-water-monitor-1,6.24,7.32,487.7,Moderate
soil-water-monitor-2,7.52,1.75,301.8,Safe
soil-water-monitor-3,6.66,5.11,474.4,Safe
soil-water-monitor-2,7.12,0.26,431.4,Safe
soil-water-monitor-3,7.24,0.0,362.2,Safe
soil-water-monitor-2,4.75,31.19,2662.6,Critical
soil-water-monitor-3,7.55,37.08,1872.2,Unsafe
soil-water-monitor-1,6.72,1.04,254.0,Safe
soil-water-monitor-3,7.42,0.0,198.5,Safe
soil-water-monitor-3,7.22,5.46,600.6,Safe
soil-water-monitor-3,8.08,1.02,267.1,Safe
soil-water-monitor-2,6.17,9.63,716.8,Moderate
soil-water-monitor-1,7.12,31.02,1502.3,Unsafe
soil-water-monitor-3,7.06,4.0,710.0,Safe
soil-water-monitor-2,7.68,1.17,407.3,Safe
soil-water-monitor-3,7.65,23.2,1204.8,Unsafe
soil-water-monitor-3,6.54,5.74,998.8,Moderate
soil-water-monitor-2,6.33,6.17,589.4,Moderate
soil-water-monitor-1,6.44,12.72,706.3,Unsafe
soil-water-monitor-1,5.56,52.07,1472.8,Critical
soil-water-monitor-2,7.81,0.0,261.9,Safe
soil-water-monitor-1,7.03,2.73,320.6,Safe
soil-water-monitor-1,6.92,2.13,239.8,Safe
soil-water-monitor-3,6.7,7.37,377.9,Safe
soil-water-monitor-1,7.75,2.74,254.8,Safe
soil-water-monitor-1,8.74,0.91,202.2,Safe
soil-water-monitor-1,5.53,26.21,2441.6,Critical
soil-water-monitor-3,3.11,58.34,3358.1,Critical
soil-water-monitor-1,7.36,1.44,429.8,Safe
soil-water-monitor-2,6.2,4.23,567.4,Moderate
soil-water-monitor-3,6.46,7.12,540.8,Moderate
soil-water-monitor-1,6.41,2.74,33.9,Safe
soil-water-monitor-2,7.48,0.0,292.8,Safe
soil-water-monitor-1,,2.47,535.5,Safe
soil-water-monitor-2,5.77,18.35,1084.1,Unsafe
soil-water-monitor-3,7.42,0.14,253.7,Safe
soil-water-monitor-3,,10.53,618.6,Moderate
soil-water-monitor-2,6.94,6.71,555.9,Moderate
soil-water-monitor-1,6.7,0.97,317.1,Safe
soil-water-monitor-1,7.05,5.7,572.5,Moderate
soil-water-monitor-1,6.72,4.74,287.0,Safe
soil-water-monitor-3,6.95,4.52,632.6,Moderate
soil-water-monitor-1,5.65,26.2,961.1,Unsafe
soil-water-monitor-1,6.24,13.76,1666.3,Unsafe
soil-water-monitor-1,4.54,90.17,3036.0,Critical
soil-water-monitor-2,6.79,6.56,580.9,Moderate
soil-water-monitor-2,6.73,2.94,558.1,Safe
soil-water-monitor-3,6.97,3.21,247.1,Safe
soil-water-monitor-1,5.88,10.49,1426.6,Unsafe
soil-water-monitor-2,7.32,0.3,308.5,Safe
soil-water-monitor-3,6.38,3.14,718.7,Safe
soil-water-monitor-2,6.49,10.04,666.6,Unsafe
soil-water-monitor-2,7.38,0.0,244.3,Safe
soil-water-monitor-1,6.34,15.17,1639.8,Unsafe
soil-water-monitor-2,6.39,9.58,415.0,Safe
soil-water-monitor-3,7.31,5.3,692.8,Moderate
soil-water-monitor-3,7.07,1.02,376.5,Safe
soil-water-monitor-1,7.4,0.92,255.9,Safe
soil-water-monitor-1,7.35,2.21,320.2,Safe
soil-water-monitor-3,5.81,4.24,856.2,Moderate
soil-water-monitor-1,7.43,9.22,960.3,Moderate
soil-water-monitor-2,6.49,8.41,637.9,Moderate
soil-water-monitor-1,5.98,16.09,1201.0,Unsafe
soil-water-monitor-1,7.94,1.1,338.0,Safe
soil-water-monitor-1,7.43,1.84,198.0,Safe
soil-water-monitor-3,6.28,9.31,683.9,Unsafe
soil-water-monitor-3,6.79,1.62,219.2,Safe
soil-water-monitor-3,,16.38,1638.1,Unsafe
soil-water-monitor-1,5.77,21.31,1334.6,Unsafe
soil-water-monitor-2,7.14,1.56,229.5,Safe
soil-water-monitor-2,,0.0,397.6,Safe
soil-water-monitor-3,6.26,7.48,426.7,Moderate
soil-water-monitor-3,7.04,0.84,219.7,Safe
soil-water-monitor-2,6.15,6.82,627.1,Moderate
soil-water-monitor-2,5.38,43.76,1766.4,Critical
soil-water-monitor-1,6.74,9.57,462.4,Safe
soil-water-monitor-2,7.8,2.62,210.7,Safe
soil-water-monitor-1,7.5,1.65,268.8,Safe
soil-water-monitor-2,5.76,56.76,2311.5,Critical
soil-water-monitor-3,6.23,3.37,542.9,Moderate
soil-water-monitor-1,7.29,0.7,235.8,Safe
soil-water-monitor-1,6.27,4.01,589.8,Moderate
soil-water-monitor-1,6.67,0.1,163.8,Safe
soil-water-monitor-1,7.73,2.9,388.1,Safe
soil-water-monitor-1,7.62,4.7,399.8,Safe
soil-water-monitor-3,7.21,5.4,709.6,Moderate
soil-water-monitor-3,6.29,39.02,1338.9,Unsafe
soil-water-monitor-1,6.57,5.37,572.4,Moderate
soil-water-monitor-2,5.8,45.63,1255.0,Unsafe
soil-water-monitor-1,5.16,83.96,2831.7,Critical
soil-water-monitor-1,6.93,6.73,915.9,Moderate
soil-water-monitor-3,6.33,7.22,919.7,Moderate
soil-water-monitor-1,6.71,15.65,557.6,Moderate
soil-water-monitor-1,6.88,2.3,318.9,Safe
soil-water-monitor-3,7.22,0.0,299.8,Safe
soil-water-monitor-1,7.44,1.7,271.4,Safe
soil-water-monitor-1,6.13,9.15,449.3,Moderate
soil-water-monitor-3,6.77,4.77,824.8,Moderate
soil-water-monitor-2,7.28,3.26,284.3,Safe
soil-water-monitor-2,6.34,20.5,891.8,Unsafe
soil-water-monitor-2,6.83,4.2,266.1,Safe
soil-water-monitor-3,6.88,6.07,661.5,Moderate
soil-water-monitor-3,7.47,1.35,353.4,Safe
soil-water-monitor-2,7.37,0.0,339.1,Safe
soil-water-monitor-2,7.71,2.51,271.3,Safe
soil-water-monitor-2,7.89,1.95,268.3,Safe
soil-water-monitor-3,6.5,6.51,634.8,Safe
soil-water-monitor-1,8.03,2.81,351.7,Safe
soil-water-monitor-1,7.45,2.67,318.2,Safe
soil-water-monitor-2,5.33,161.96,3481.6,Critical
soil-water-monitor-2,5.52,44.38,1270.6,Critical
soil-water-monitor-1,7.17,5.66,643.3,Moderate
soil-water-monitor-3,7.15,5.25,474.6,Safe
soil-water-monitor-2,6.42,5.38,855.7,Moderate
soil-water-monitor-3,5.45,51.07,1554.1,Critical
soil-water-monitor-3,6.86,5.99,791.1,Safe
soil-water-monitor-3,7.55,1.53,250.6,Safe
soil-water-monitor-1,7.41,2.87,248.9,Safe
soil-water-monitor-3,6.32,8.43,731.2,Moderate
soil-water-monitor-2,7.09,2.36,226.9,Safe
soil-water-monitor-2,6.6,4.21,600.5,Moderate
soil-water-monitor-3,5.68,22.48,1574.0,Unsafe
soil-water-monitor-3,5.95,5.49,770.9,Moderate
soil-water-monitor-1,6.97,1.08,284.9,Safe
soil-water-monitor-2,8.28,1.14,249.8,Safe
soil-water-monitor-2,6.72,6.46,639.5,Safe
soil-water-monitor-1,6.85,7.71,638.7,Moderate
soil-water-monitor-1,6.39,4.2,726.4,Moderate
soil-water-monitor-2,5.99,2.59,195.1,Safe
soil-water-monitor-3,6.86,2.18,258.2,Safe
soil-water-monitor-2,7.4,1.79,148.6,Safe
soil-water-monitor-2,7.21,30.25,837.5,Moderate
soil-water-monitor-1,7.46,2.4,229.1,Safe
soil-water-monitor-2,5.74,30.93,1358.9,Critical
soil-water-monitor-2,6.91,2.85,334.7,Safe
soil-water-monitor-1,4.86,17.4,1689.2,Critical
soil-water-monitor-2,5.85,25.79,1853.0,Unsafe
soil-water-monitor-1,6.67,3.58,424.9,Safe
soil-water-monitor-1,5.15,14.53,1217.8,Critical
soil-water-monitor-1,5.86,43.76,1005.6,Unsafe
soil-water-monitor-2,7.12,12.11,634.9,Moderate
soil-water-monitor-1,7.19,0.57,165.3,Safe
soil-water-monitor-2,6.4,2.72,243.1,Safe
soil-water-monitor-1,6.43,1.91,306.8,Safe
soil-water-monitor-1,6.15,0.0,298.8,Safe
soil-water-monitor-2,7.68,2.28,263.6,Safe
soil-water-monitor-2,7.19,5.03,747.5,Safe
soil-water-monitor-3,7.76,1.44,327.2,Safe
soil-water-monitor-2,6.57,10.21,612.3,Moderate
soil-water-monitor-3,7.6,3.3,272.9,Safe
soil-water-monitor-3,7.6,0.0,196.7,Safe
soil-water-monitor-3,5.22,13.6,1023.3,Critical
soil-water-monitor-3,5.57,16.13,1061.5,Unsafe
soil-water-monitor-3,6.11,4.77,815.8,Moderate
soil-water-monitor-3,6.61,27.32,1273.1,Unsafe
soil-water-monitor-3,4.75,21.99,1867.4,Critical
soil-water-monitor-1,6.32,10.03,444.9,Moderate
soil-water-monitor-1,8.04,3.51,263.5,Safe
soil-water-monitor-1,7.02,0.78,263.5,Safe
soil-water-monitor-1,7.35,1.83,228.5,Safe
soil-water-monitor-1,7.28,3.46,106.0,Safe
soil-water-monitor-1,5.73,26.21,1026.7,Unsafe
soil-water-monitor-1,7.3,1.08,165.4,Safe
soil-water-monitor-2,7.66,2.75,259.7,Safe
soil-water-monitor-1,6.39,79.33,1734.2,Unsafe
soil-water-monitor-2,7.19,3.18,317.7,Safe
soil-water-monitor-1,7.28,1.43,334.0,Safe
soil-water-monitor-1,7.0,14.38,2013.4,Unsafe
soil-water-monitor-2,3.22,87.52,2532.5,Critical
soil-water-monitor-3,7.35,0.18,303.8,Safe
soil-water-monitor-3,7.87,0.0,442.1,Safe
soil-water-monitor-2,7.85,5.02,340.3,Safe
soil-water-monitor-3,6.28,9.79,573.5,Unsafe
soil-water-monitor-2,7.12,1.8,425.3,Safe
soil-water-monitor-2,6.35,19.84,1185.8,Unsafe
soil-water-monitor-2,5.64,3.93,830.4,Unsafe
soil-water-monitor-1,5.13,13.62,1463.1,Critical
soil-water-monitor-1,7.15,1.5,220.9,Safe
soil-water-monitor-2,7.42,18.15,1469.1,Unsafe
soil-water-monitor-2,7.29,4.06,701.5,Safe
soil-water-monitor-2,6.93,0.0,174.9,Safe
soil-water-monitor-3,7.07,3.52,333.9,Safe
soil-water-monitor-3,6.81,5.61,652.4,Moderate
soil-water-monitor-3,6.9,0.0,309.5,Safe
soil-water-monitor-2,6.05,7.67,635.0,Moderate
soil-water-monitor-1,7.44,2.28,207.3,Safe
soil-water-monitor-1,7.56,3.73,410.8,Safe
soil-water-monitor-3,7.31,25.7,768.9,Moderate
soil-water-monitor-1,6.55,0.0,201.5,Safe
soil-water-monitor-2,5.36,24.74,1229.3,Unsafe
soil-water-monitor-3,,6.22,731.9,Moderate
soil-water-monitor-2,,0.37,216.4,Safe
soil-water-monitor-2,7.23,4.11,269.0,Safe
soil-water-monitor-3,7.2,2.5,313.2,Safe
soil-water-monitor-2,6.95,7.97,696.1,Moderate
soil-water-monitor-2,6.64,5.09,387.7,Safe
soil-water-monitor-2,7.62,0.49,399.0,Safe
soil-water-monitor-1,5.41,60.8,2081.1,Critical
soil-water-monitor-1,7.38,6.71,356.1,Safe
soil-water-monitor-1,5.4,18.69,1774.3,Unsafe
soil-water-monitor-3,7.15,5.69,957.4,Moderate
soil-water-monitor-2,5.71,36.75,2561.9,Critical
soil-water-monitor-3,8.0,5.64,314.9,Safe
soil-water-monitor-1,7.25,1.9,274.0,Safe
soil-water-monitor-2,7.29,0.0,215.1,Safe
soil-water-monitor-3,7.42,8.69,717.4,Moderate
soil-water-monitor-1,7.16,1.92,217.5,Safe
soil-water-monitor-1,,2.82,416.3,Safe
soil-water-monitor-1,5.68,7.33,739.5,Unsafe
soil-water-monitor-2,5.11,31.82,1303.3,Critical
soil-water-monitor-2,6.93,0.91,227.5,Safe
soil-water-monitor-1,7.54,0.0,337.6,Safe
soil-water-monitor-1,7.2,8.86,340.2,Safe
soil-water-monitor-2,7.48,3.61,453.7,Safe
soil-water-monitor-3,6.77,0.51,196.2,Safe
soil-water-monitor-1,7.47,0.7,297.9,Safe
soil-water-monitor-1,6.69,5.42,629.0,Moderate
soil-water-monitor-2,6.76,7.24,549.9,Moderate
soil-water-monitor-2,7.36,13.22,472.4,Moderate
soil-water-monitor-3,4.51,91.09,3204.6,Critical
soil-water-monitor-1,6.39,8.57,420.9,Moderate
soil-water-monitor-2,6.82,5.31,168.4,Safe
soil-water-monitor-1,6.23,30.34,1713.9,Unsafe
soil-water-monitor-3,5.87,19.51,902.2,Unsafe
soil-water-monitor-2,5.57,27.07,1619.1,Unsafe
soil-water-monitor-3,4.85,72.57,1673.1,Critical
soil-water-monitor-2,6.51,2.66,646.0,Moderate
soil-water-monitor-1,7.01,3.74,336.6,Safe
soil-water-monitor-2,7.53,0.39,281.7,Safe
soil-water-monitor-1,6.18,10.23,856.3,Unsafe
soil-water-monitor-3,7.69,9.75,471.3,Safe
soil-water-monitor-3,5.78,13.96,961.0,Unsafe
soil-water-monitor-1,7.41,3.18,230.7,Safe
soil-water-monitor-3,6.21,16.44,1098.4,Unsafe
soil-water-monitor-2,7.54,1.82,212.6,Safe
soil-water-monitor-1,6.24,9.53,497.9,Unsafe
soil-water-monitor-1,6.85,3.2,210.2,Safe
soil-water-monitor-1,5.48,9.13,522.1,Unsafe
soil-water-monitor-2,6.61,8.51,808.0,Moderate
soil-water-monitor-3,6.31,6.03,609.2,Moderate
soil-water-monitor-3,6.79,7.41,595.4,Moderate
soil-water-monitor-3,6.76,6.45,416.8,Safe
soil-water-monitor-2,7.29,2.92,576.9,Safe
soil-water-monitor-1,8.52,1.64,223.4,Safe
soil-water-monitor-3,6.78,3.73,611.9,Safe
soil-water-monitor-1,7.57,4.08,424.1,Safe
soil-water-monitor-1,6.93,1.71,312.6,Safe
soil-water-monitor-1,6.45,5.06,679.4,Moderate
soil-water-monitor-1,6.38,17.19,2232.9,Unsafe
soil-water-monitor-1,6.83,4.03,452.1,Safe
soil-water-monitor-1,5.65,4.87,663.7,Unsafe
soil-water-monitor-3,6.44,6.17,614.4,Moderate
soil-water-monitor-3,6.46,21.04,1080.9,Unsafe
soil-water-monitor-3,,4.44,436.5,Safe
soil-water-monitor-2,6.98,1.74,123.3,Safe
soil-water-monitor-1,7.26,1.27,130.0,Safe
soil-water-monitor-2,7.32,0.8,173.2,Safe
soil-water-monitor-3,7.92,1.14,314.8,Safe
soil-water-monitor-1,6.91,5.78,688.8,Moderate
soil-water-monitor-1,6.88,6.04,552.5,Moderate
soil-water-monitor-2,6.77,33.04,1470.9,Unsafe
soil-water-monitor-2,7.08,2.2,260.4,Safe
soil-water-monitor-3,5.87,83.72,1794.4,Critical
soil-water-monitor-1,8.28,0.22,151.2,Safe
soil-water-monitor-3,7.46,3.09,464.0,Safe
soil-water-monitor-2,7.2,0.0,215.7,Safe
soil-water-monitor-3,7.99,3.66,352.1,Safe
soil-water-monitor-3,6.81,2.33,259.7,Safe
soil-water-monitor-3,6.64,6.17,1034.8,Moderate
soil-water-monitor-2,4.34,25.8,1651.1,Critical
soil-water-monitor-3,5.21,13.94,868.6,Unsafe
soil-water-monitor-2,6.34,4.91,679.5,Moderate
soil-water-monitor-2,7.08,3.72,291.1,Safe
soil-water-monitor-2,6.72,20.75,1174.0,Unsafe
soil-water-monitor-2,7.78,4.97,159.7,Safe
soil-water-monitor-3,6.18,6.55,789.9,Moderate
soil-water-monitor-3,7.35,3.14,609.1,Safe
soil-water-monitor-2,6.13,6.33,674.5,Moderate
soil-water-monitor-1,6.24,2.01,451.1,Safe
soil-water-monitor-2,7.5,2.16,259.2,Safe
soil-water-monitor-1,6.82,3.41,266.5,Safe
soil-water-monitor-1,5.12,79.7,1814.0,Critical
soil-water-monitor-2,7.42,3.72,322.1,Safe
soil-water-monitor-1,6.82,1.69,259.5,Safe
soil-water-monitor-3,7.7,3.16,229.2,Safe
soil-water-monitor-2,6.52,6.24,324.8,Safe
soil-water-monitor-2,6.07,24.69,1620.4,Unsafe
soil-water-monitor-3,5.82,7.62,463.7,Moderate
soil-water-monitor-3,7.44,2.7,262.5,Safe
soil-water-monitor-2,6.76,4.17,624.6,Safe
soil-water-monitor-2,6.5,1.91,348.0,Safe
soil-water-monitor-1,3.43,20.24,1981.9,Critical
soil-water-monitor-1,8.08,3.94,555.7,Safe
soil-water-monitor-3,5.88,8.57,1177.8,Unsafe
soil-water-monitor-3,5.65,9.35,567.2,Unsafe
soil-water-monitor-3,6.76,1.11,286.1,Safe
soil-water-monitor-2,7.47,3.97,209.3,Safe
soil-water-monitor-1,4.03,37.45,3028.0,Critical
soil-water-monitor-1,7.4,1.37,221.9,Safe
soil-water-monitor-2,4.64,48.49,1562.1,Critical
soil-water-monitor-1,6.91,4.0,282.2,Safe
soil-water-monitor-1,5.47,8.39,1113.3,Unsafe
soil-water-monitor-2,8.28,3.3,169.9,Safe
soil-water-monitor-1,6.78,0.0,318.9,Safe
soil-water-monitor-2,7.42,1.35,176.1,Safe
soil-water-monitor-3,7.52,0.0,403.1,Safe
soil-water-monitor-3,7.13,11.89,603.9,Moderate
soil-water-monitor-1,6.1,3.59,657.8,Moderate
soil-water-monitor-2,6.76,5.69,693.3,Moderate
soil-water-monitor-3,6.54,2.15,250.7,Safe
soil-water-monitor-1,7.24,12.13,797.1,Moderate
soil-water-monitor-2,3.88,65.3,2134.4,Critical
soil-water-monitor-1,4.65,47.06,2353.0,Critical
soil-water-monitor-2,7.74,0.75,239.6,Safe
soil-water-monitor-2,7.26,1.49,256.8,Safe
soil-water-monitor-3,6.9,0.37,450.5,Safe
soil-water-monitor-1,7.87,1.69,398.9,Safe
soil-water-monitor-1,7.2,0.0,371.8,Safe
soil-water-monitor-1,7.64,2.31,257.5,Safe
soil-water-monitor-3,7.16,2.27,913.2,Safe
soil-water-monitor-3,7.12,1.7,285.6,Safe
soil-water-monitor-3,7.19,1.86,178.3,Safe
soil-water-monitor-3,4.37,65.45,1279.7,Critical
soil-water-monitor-2,6.32,8.91,904.4,Moderate
soil-water-monitor-3,6.58,44.15,1855.0,Unsafe
soil-water-monitor-2,6.43,1.1,330.9,Safe
soil-water-monitor-1,7.07,0.0,210.2,Safe
soil-water-monitor-3,7.1,1.13,296.9,Safe
soil-water-monitor-2,5.85,17.87,1077.0,Unsafe
soil-water-monitor-2,7.27,1.4,232.2,Safe
soil-water-monitor-2,7.13,0.43,182.7,Safe
soil-water-monitor-1,8.22,5.38,336.1,Safe
soil-water-monitor-2,7.8,7.43,562.2,Moderate
soil-water-monitor-1,8.29,0.65,287.1,Safe
soil-water-monitor-2,7.11,3.14,317.7,Safe
soil-water-monitor-1,6.18,7.31,512.4,Moderate
soil-water-monitor-1,6.74,6.4,570.4,Moderate
soil-water-monitor-1,6.34,43.22,1373.7,Unsafe
soil-water-monitor-2,7.21,2.24,491.1,Safe
soil-water-monitor-2,7.52,1.04,285.2,Safe
soil-water-monitor-3,6.85,35.87,1424.7,Unsafe
soil-water-monitor-3,,80.27,1331.3,Unsafe
soil-water-monitor-1,4.66,35.6,1480.5,Critical
soil-water-monitor-1,7.9,2.31,294.6,Safe
soil-water-monitor-2,7.67,1.17,238.6,Safe
soil-water-monitor-3,6.86,6.98,612.3,Moderate
soil-water-monitor-2,,44.57,2361.0,Critical
soil-water-monitor-1,8.32,0.35,223.1,Safe
soil-water-monitor-2,7.02,1.33,210.7,Safe
soil-water-monitor-3,6.13,7.89,673.2,Moderate
soil-water-monitor-3,4.03,106.0,2696.4,Critical
soil-water-monitor-1,5.45,9.44,773.4,Unsafe
soil-water-monitor-2,7.63,2.88,298.5,Safe
soil-water-monitor-2,4.33,18.35,1148.2,Critical
soil-water-monitor-3,5.39,25.02,1732.7,Unsafe
soil-water-monitor-1,7.96,4.46,171.1,Safe
soil-water-monitor-3,6.71,9.48,737.7,Moderate
soil-water-monitor-1,3.99,31.86,1317.6,Critical
soil-water-monitor-3,7.48,0.64,398.1,Safe
soil-water-monitor-1,5.59,19.64,1002.6,Critical
soil-water-monitor-2,7.02,1.82,168.6,Safe
soil-water-monitor-3,7.0,2.58,314.3,Safe
soil-water-monitor-2,5.34,28.52,1480.2,Critical
soil-water-monitor-2,6.95,6.18,673.0,Safe
soil-water-monitor-3,6.22,5.67,427.8,Safe
soil-water-monitor-2,4.99,80.92,2644.5,Critical
soil-water-monitor-1,4.93,79.4,2441.4,Critical
soil-water-monitor-3,5.83,133.94,2524.9,Critical
soil-water-monitor-3,7.94,1.59,373.3,Safe
soil-water-monitor-2,3.17,87.32,2476.0,Critical
soil-water-monitor-2,5.91,5.97,600.0,Unsafe
soil-water-monitor-3,6.82,2.29,218.1,Safe
soil-water-monitor-1,7.96,0.0,366.5,Safe
soil-water-monitor-2,3.64,69.03,2673.6,Critical
soil-water-monitor-1,5.8,59.71,1880.8,Critical
soil-water-monitor-3,6.97,1.51,333.7,Safe
soil-water-monitor-2,6.35,8.37,605.2,Moderate
soil-water-monitor-1,6.87,5.39,422.6,Safe
soil-water-monitor-1,7.44,2.58,381.4,Safe
soil-water-monitor-1,5.05,25.37,1422.0,Critical
soil-water-monitor-1,6.37,7.59,755.2,Moderate
soil-water-monitor-1,7.21,2.75,380.2,Safe
soil-water-monitor-1,7.62,3.94,390.3,Safe
soil-water-monitor-1,5.13,25.55,824.4,Unsafe
soil-water-monitor-3,7.73,2.58,252.6,Safe
soil-water-monitor-2,5.29,36.72,1417.8,Critical
soil-water-monitor-3,7.17,3.63,520.6,Safe
soil-water-monitor-2,7.01,0.0,295.9,Safe
soil-water-monitor-1,7.74,3.52,200.2,Safe
soil-water-monitor-3,6.93,3.94,238.8,Safe
soil-water-monitor-2,6.76,0.0,236.6,Safe
soil-water-monitor-1,6.45,1.51,299.1,Safe
soil-water-monitor-3,6.79,12.71,2587.0,Unsafe
soil-water-monitor-3,6.03,8.65,530.4,Moderate
soil-water-monitor-2,7.02,8.6,474.3,Safe
soil-water-monitor-1,5.32,18.76,1578.4,Critical
soil-water-monitor-1,7.54,0.24,196.9,Safe
soil-water-monitor-3,7.33,2.08,260.4,Safe
soil-water-monitor-2,6.67,12.26,625.9,Moderate
soil-water-monitor-3,8.06,4.29,201.9,Safe
soil-water-monitor-2,7.28,7.23,869.1,Moderate
soil-water-monitor-2,6.67,0.83,308.2,Safe
soil-water-monitor-3,6.58,2.56,219.3,Safe
soil-water-monitor-3,7.35,2.0,291.6,Safe
soil-water-monitor-2,7.88,2.32,527.9,Safe
soil-water-monitor-2,5.19,9.74,1048.4,Critical
soil-water-monitor-1,5.5,7.04,715.7,Unsafe
soil-water-monitor-1,6.5,7.38,906.6,Moderate
soil-water-monitor-3,7.41,1.91,147.3,Safe
soil-water-monitor-2,6.17,8.11,465.7,Moderate
soil-water-monitor-3,5.06,30.99,1146.5,Critical
soil-water-monitor-1,7.92,3.45,255.6,Safe
soil-water-monitor-2,6.78,2.16,196.6,Safe
soil-water-monitor-2,7.66,0.0,283.2,Safe
soil-water-monitor-2,5.75,2.89,666.0,Moderate
soil-water-monitor-2,7.21,0.6,245.3,Safe
soil-water-monitor-1,6.58,14.37,537.9,Moderate
soil-water-monitor-1,5.7,30.93,1871.5,Unsafe
soil-water-monitor-2,7.08,3.27,243.5,Safe
soil-water-monitor-3,8.29,3.58,230.5,Safe
soil-water-monitor-3,6.3,0.0,124.3,Safe
soil-water-monitor-2,6.35,1.65,420.1,Safe
soil-water-monitor-3,7.23,0.11,207.5,Safe
soil-water-monitor-1,7.34,0.78,354.9,Safe
soil-water-monitor-1,6.3,7.67,819.3,Moderate
soil-water-monitor-1,,5.55,287.2,Safe
soil-water-monitor-3,7.35,11.05,774.7,Moderate
soil-water-monitor-3,7.51,3.04,383.7,Safe
soil-water-monitor-2,6.99,0.64,418.7,Safe
soil-water-monitor-3,5.98,4.44,697.4,Moderate
soil-water-monitor-1,7.44,2.09,201.0,Safe
soil-water-monitor-1,6.2,4.26,354.6,Moderate
soil-water-monitor-2,7.42,0.69,256.2,Safe
soil-water-monitor-3,5.87,14.76,1148.9,Unsafe
soil-water-monitor-2,8.29,0.17,222.4,Safe
soil-water-monitor-1,7.02,2.43,354.3,Safe
soil-water-monitor-2,6.92,0.87,275.7,Safe
soil-water-monitor-2,7.91,0.96,321.3,Safe
soil-water-monitor-3,7.69,5.02,234.1,Safe
soil-water-monitor-3,7.67,2.66,235.9,Safe
soil-water-monitor-2,7.79,1.0,150.8,Safe
soil-water-monitor-3,6.44,22.34,2070.5,Unsafe
soil-water-monitor-3,7.33,0.32,270.3,Safe
soil-water-monitor-3,5.11,25.96,1085.4,Critical
soil-water-monitor-1,5.15,16.27,1010.9,Critical
soil-water-monitor-3,5.78,24.06,1324.5,Unsafe
soil-water-monitor-2,5.85,8.25,652.8,Moderate
soil-water-monitor-1,6.13,4.99,705.6,Moderate
soil-water-monitor-2,5.21,84.43,1840.4,Critical
soil-water-monitor-2,5.91,48.26,972.0,Unsafe
soil-water-monitor-3,6.82,6.85,683.4,Moderate
soil-water-monitor-1,7.89,0.0,280.0,Safe
soil-water-monitor-2,6.97,1.85,214.5,Safe
soil-water-monitor-2,5.14,28.73,1345.1,Critical
soil-water-monitor-1,7.46,1.62,381.1,Safe
soil-water-monitor-3,7.37,3.29,204.8,Safe
soil-water-monitor-1,5.27,27.81,1383.8,Critical
soil-water-monitor-3,6.16,6.72,626.9,Moderate
soil-water-monitor-1,7.82,0.0,314.8,Safe
soil-water-monitor-2,7.01,5.34,621.1,Moderate
soil-water-monitor-1,6.51,1.12,312.5,Safe
soil-water-monitor-2,6.71,11.27,1486.0,Unsafe
soil-water-monitor-2,7.09,7.99,583.2,Moderate
soil-water-monitor-2,4.85,69.28,2086.6,Critical
soil-water-monitor-1,5.93,8.11,714.8,Moderate
soil-water-monitor-3,7.05,1.45,334.4,Safe
soil-water-monitor-1,6.03,8.45,644.3,Unsafe
soil-water-monitor-2,7.92,1.22,375.0,Safe
soil-water-monitor-1,7.96,0.16,187.2,Safe
soil-water-monitor-1,,6.9,562.1,Moderate
soil-water-monitor-3,6.55,6.57,827.1,Moderate
soil-water-monitor-2,6.78,9.29,624.0,Moderate
soil-water-monitor-2,6.94,1.0,254.7,Safe
soil-water-monitor-3,,1.39,128.2,Safe
soil-water-monitor-1,7.13,1.19,452.6,Safe
soil-water-monitor-3,7.6,1.47,351.5,Safe
soil-water-monitor-3,5.61,22.37,1058.9,Unsafe
soil-water-monitor-1,7.14,17.95,957.7,Moderate
soil-water-monitor-3,7.51,1.34,304.8,Safe
soil-water-monitor-3,6.47,50.37,1412.5,Unsafe
soil-water-monitor-1,5.41,7.55,630.1,Unsafe
soil-water-monitor-1,7.18,1.77,223.4,Safe
soil-water-monitor-3,6.6,7.64,551.4,Moderate
soil-water-monitor-2,3.14,22.29,1630.8,Critical
soil-water-monitor-1,6.49,1.33,737.6,Safe
soil-water-monitor-2,6.48,8.22,612.0,Moderate
soil-water-monitor-1,7.37,0.0,390.9,Safe
soil-water-monitor-3,6.36,11.64,1645.0,Unsafe
soil-water-monitor-1,4.93,33.69,1843.9,Critical
soil-water-monitor-3,6.71,2.16,745.3,Safe
soil-water-monitor-1,4.85,27.77,1274.5,Critical
soil-water-monitor-1,7.49,1.25,211.9,Safe
soil-water-monitor-1,6.04,32.59,1461.6,Unsafe
soil-water-monitor-3,7.04,4.2,430.7,Safe
soil-water-monitor-3,6.74,7.61,1167.4,Moderate
soil-water-monitor-1,4.83,130.7,2111.0,Critical
soil-water-monitor-2,5.69,6.59,809.7,Unsafe
soil-water-monitor-3,6.76,9.65,494.4,Moderate
soil-water-monitor-2,6.52,5.88,350.3,Safe
soil-water-monitor-1,8.0,1.29,261.2,Safe
soil-water-monitor-2,5.14,15.21,2110.3,Critical
soil-water-monitor-2,,4.0,232.6,Safe
soil-water-monitor-1,7.43,0.1,259.0,Safe
soil-water-monitor-2,7.56,40.27,1107.4,Unsafe
soil-water-monitor-3,6.35,5.17,663.4,Moderate
soil-water-monitor-1,6.1,1.03,553.0,Moderate
soil-water-monitor-3,6.19,5.65,628.5,Moderate
soil-water-monitor-2,6.07,1.93,245.7,Safe
soil-water-monitor-2,8.18,4.12,799.0,Moderate
soil-water-monitor-2,6.78,7.3,424.9,Safe
soil-water-monitor-2,8.04,2.61,354.9,Safe
soil-water-monitor-2,4.2,93.16,2350.9,Critical
soil-water-monitor-3,7.35,7.65,904.8,Moderate
soil-water-monitor-2,6.93,0.5,198.6,Safe
soil-water-monitor-3,5.87,9.26,507.1,Unsafe
soil-water-monitor-1,7.46,5.17,231.1,Safe
soil-water-monitor-3,5.71,3.26,713.3,Moderate
soil-water-monitor-2,6.26,21.97,1889.0,Unsafe
soil-water-monitor-3,8.0,3.79,286.3,Safe
soil-water-monitor-2,2.01,79.03,1394.5,Critical
soil-water-monitor-1,6.54,9.77,498.9,Safe
soil-water-monitor-1,6.65,4.96,277.3,Safe
soil-water-monitor-3,7.64,1.91,475.5,Safe
soil-water-monitor-2,6.08,5.21,509.0,Moderate
soil-water-monitor-3,6.3,20.43,997.0,Unsafe
soil-water-monitor-2,7.8,2.83,443.0,Safe
soil-water-monitor-1,6.58,7.18,616.7,Moderate
soil-water-monitor-3,6.42,7.4,790.5,Moderate
soil-water-monitor-2,7.21,1.49,112.5,Safe
soil-water-monitor-2,6.89,10.88,581.9,Moderate
soil-water-monitor-3,7.72,3.35,405.3,Safe
soil-water-monitor-1,6.25,4.79,526.2,Moderate
soil-water-monitor-1,4.79,13.6,1479.3,Critical
soil-water-monitor-2,7.55,1.3,302.6,Safe
soil-water-monitor-1,7.43,1.61,256.5,Safe
soil-water-monitor-1,7.65,1.32,320.4,Safe
soil-water-monitor-2,5.84,7.83,544.5,Moderate
soil-water-monitor-1,6.4,19.3,1721.7,Unsafe
soil-water-monitor-1,6.15,2.14,714.4,Moderate
soil-water-monitor-1,7.3,1.49,196.3,Safe
soil-water-monitor-2,5.3,20.4,1729.3,Unsafe
soil-water-monitor-3,6.84,14.8,1453.4,Unsafe
soil-water-monitor-1,7.07,2.48,187.2,Safe
soil-water-monitor-1,6.97,3.98,181.5,Safe
soil-water-monitor-1,4.82,34.62,2033.8,Critical
soil-water-monitor-2,4.21,101.14,2208.1,Critical
soil-water-monitor-1,6.55,6.33,536.4,Moderate
soil-water-monitor-1,4.11,45.97,2723.0,Critical
soil-water-monitor-2,6.95,4.31,195.2,Safe
soil-water-monitor-3,6.5,5.9,704.7,Moderate
soil-water-monitor-3,6.29,6.42,476.0,Safe
soil-water-monitor-2,6.82,1.67,160.4,Safe
soil-water-monitor-2,6.28,6.6,851.0,Moderate
soil-water-monitor-1,6.29,1.49,218.5,Safe
soil-water-monitor-3,6.21,6.07,629.9,Moderate
soil-water-monitor-1,7.8,0.0,369.1,Safe
soil-water-monitor-1,5.19,27.98,3014.1,Critical
soil-water-monitor-1,7.18,2.84,179.5,Safe
soil-water-monitor-1,5.16,21.75,1085.5,Critical
soil-water-monitor-2,,20.79,1379.9,Unsafe
soil-water-monitor-1,5.79,8.58,638.1,Unsafe
soil-water-monitor-1,7.76,1.04,148.5,Safe
soil-water-monitor-1,6.73,1.04,464.6,Safe
soil-water-monitor-2,6.26,14.31,878.8,Unsafe
soil-water-monitor-1,7.05,6.12,595.0,Moderate
soil-water-monitor-2,7.71,4.93,253.5,Safe
soil-water-monitor-2,5.52,21.28,1792.5,Unsafe
soil-water-monitor-1,7.09,2.21,247.8,Safe
soil-water-monitor-3,6.81,2.5,340.4,Safe
soil-water-monitor-3,7.28,3.24,217.8,Safe
soil-water-monitor-3,7.42,2.9,383.0,Safe
soil-water-monitor-2,7.89,3.58,456.1,Safe
soil-water-monitor-1,6.79,4.83,683.3,Moderate
soil-water-monitor-1,7.34,2.38,245.6,Safe
soil-water-monitor-2,5.79,18.07,1050.5,Unsafe
soil-water-monitor-1,7.41,2.13,231.3,Safe
soil-water-monitor-2,7.37,2.89,111.5,Safe
soil-water-monitor-2,7.01,2.1,156.2,Safe
soil-water-monitor-1,5.52,27.77,1417.8,Critical
soil-water-monitor-2,7.52,0.0,200.1,Safe
soil-water-monitor-2,5.89,7.45,652.7,Unsafe
soil-water-monitor-3,7.94,1.87,287.0,Safe
soil-water-monitor-3,7.31,1.86,270.9,Safe
soil-water-monitor-1,7.22,0.76,293.0,Safe
soil-water-monitor-3,7.58,5.53,407.4,Safe
soil-water-monitor-2,4.13,159.99,2226.6,Critical
soil-water-monitor-1,7.96,3.61,90.4,Safe
soil-water-monitor-2,7.86,4.11,112.9,Safe
soil-water-monitor-2,6.64,0.0,339.4,Safe
soil-water-monitor-2,4.43,106.03,2346.9,Critical
soil-water-monitor-3,6.22,70.07,2421.6,Critical
soil-water-monitor-1,6.45,4.05,911.5,Moderate
soil-water-monitor-3,6.97,5.11,779.7,Moderate
soil-water-monitor-2,7.86,2.08,190.2,Safe
soil-water-monitor-3,5.06,7.96,735.0,Unsafe
soil-water-monitor-2,7.4,3.3,363.2,Safe
soil-water-monitor-1,6.14,6.86,514.2,Moderate
soil-water-monitor-3,6.2,21.13,1367.1,Unsafe
soil-water-monitor-3,6.7,0.84,174.8,Safe
soil-water-monitor-3,7.61,4.73,376.3,Safe
soil-water-monitor-3,5.88,13.34,1222.1,Unsafe
soil-water-monitor-1,4.92,12.56,1349.7,Critical
soil-water-monitor-2,7.83,3.5,326.3,Safe
soil-water-monitor-3,7.34,4.2,259.2,Safe
soil-water-monitor-1,7.27,2.81,376.2,Safe
soil-water-monitor-2,5.56,9.56,870.5,Unsafe
soil-water-monitor-1,7.5,1.01,229.6,Safe
soil-water-monitor-2,8.21,0.92,182.4,Safe
soil-water-monitor-1,3.69,61.92,3018.0,Critical
soil-water-monitor-1,7.29,1.57,379.0,Safe
soil-water-monitor-3,5.2,9.74,1223.3,Critical
soil-water-monitor-3,7.06,7.39,424.3,Safe
soil-water-monitor-3,6.0,6.08,586.4,Unsafe
soil-water-monitor-1,8.05,2.44,164.6,Safe
soil-water-monitor-2,6.08,13.33,371.5,Moderate
soil-water-monitor-2,5.33,29.44,1739.8,Critical
soil-water-monitor-3,5.94,5.82,752.1,Moderate
soil-water-monitor-1,6.48,1.45,743.3,Moderate
soil-water-monitor-1,8.41,2.55,250.0,Safe
soil-water-monitor-2,6.77,24.93,654.5,Moderate
soil-water-monitor-3,7.46,11.26,638.5,Moderate
soil-water-monitor-2,6.47,11.87,557.2,Moderate
soil-water-monitor-1,2.62,123.01,1699.2,Critical
soil-water-monitor-3,7.68,0.3,165.9,Safe
soil-water-monitor-1,7.15,4.33,378.0,Safe
soil-water-monitor-2,6.94,8.07,674.1,Moderate
soil-water-monitor-1,5.68,57.3,1861.3,Critical
soil-water-monitor-1,6.84,0.84,318.0,Safe
soil-water-monitor-2,5.81,7.3,939.0,Unsafe
soil-water-monitor-2,6.18,3.76,158.3,Safe
soil-water-monitor-1,7.07,2.75,271.0,Safe
soil-water-monitor-3,6.35,9.7,519.1,Moderate
soil-water-monitor-2,3.42,29.46,3848.6,Critical
soil-water-monitor-1,6.83,4.46,663.0,Moderate
soil-water-monitor-1,7.19,5.11,543.2,Moderate
soil-water-monitor-2,7.23,5.79,635.5,Safe
soil-water-monitor-2,7.01,10.05,794.8,Moderate
soil-water-monitor-1,7.3,1.15,257.5,Safe
soil-water-monitor-3,6.09,5.44,756.8,Moderate
soil-water-monitor-2,7.11,2.15,233.4,Safe
soil-water-monitor-1,5.96,24.82,1404.2,Unsafe
soil-water-monitor-2,7.07,0.0,199.0,Safe
soil-water-monitor-3,6.89,2.46,377.0,Safe
soil-water-monitor-3,7.32,2.95,223.4,Safe
soil-water-monitor-3,7.43,1.73,244.5,Safe
soil-water-monitor-3,6.44,3.46,657.9,Safe
soil-water-monitor-2,5.05,56.85,3571.6,Critical
soil-water-monitor-3,7.18,0.85,342.7,Safe
soil-water-monitor-3,7.96,0.09,164.7,Safe
soil-water-monitor-2,6.75,3.33,240.5,Safe
soil-water-monitor-3,6.75,10.06,1031.7,Unsafe
soil-water-monitor-2,6.4,4.07,409.6,Moderate
soil-water-monitor-1,3.79,23.01,3226.7,Critical
soil-water-monitor-1,7.56,2.79,192.9,Safe
soil-water-monitor-1,5.85,29.92,1040.6,Unsafe
soil-water-monitor-3,7.06,2.12,349.3,Safe
soil-water-monitor-3,5.94,23.18,1256.7,Unsafe
soil-water-monitor-2,7.49,1.5,261.4,Safe
soil-water-monitor-2,5.49,7.32,718.6,Unsafe
soil-water-monitor-3,8.04,3.11,261.2,Safe
soil-water-monitor-1,6.12,11.34,1293.2,Unsafe
soil-water-monitor-1,7.51,28.07,982.7,Moderate
soil-water-monitor-2,6.84,4.49,663.5,Moderate
soil-water-monitor-3,6.31,3.66,637.3,Moderate
soil-water-monitor-2,7.34,3.36,542.1,Safe
soil-water-monitor-2,7.37,8.04,753.8,Moderate
soil-water-monitor-1,7.4,1.17,363.5,Safe
soil-water-monitor-1,7.2,0.0,198.8,Safe
soil-water-monitor-2,7.03,1.03,194.0,Safe
soil-water-monitor-3,7.27,2.53,332.3,Safe
soil-water-monitor-1,7.62,25.34,886.1,Moderate
soil-water-monitor-3,6.96,1.87,339.3,Safe
soil-water-monitor-3,5.88,4.81,1123.1,Unsafe
soil-water-monitor-3,7.34,2.61,485.4,Safe
soil-water-monitor-1,6.98,0.39,304.1,Safe
soil-water-monitor-2,7.09,1.21,187.2,Safe
soil-water-monitor-2,6.64,2.34,298.0,Safe
soil-water-monitor-3,7.35,8.83,693.1,Moderate
soil-water-monitor-1,8.0,0.0,234.1,Safe
soil-water-monitor-2,7.19,1.24,173.6,Safe
soil-water-monitor-2,6.82,3.33,322.6,Safe
soil-water-monitor-2,6.45,6.22,640.2,Moderate
soil-water-monitor-1,5.37,42.46,1041.9,Critical
soil-water-monitor-2,5.94,79.93,2082.2,Critical
soil-water-monitor-1,6.97,2.25,237.8,Safe
soil-water-monitor-2,6.57,29.92,1403.4,Unsafe
soil-water-monitor-2,7.78,1.95,392.6,Safe
soil-water-monitor-1,4.65,43.55,2519.9,Critical
soil-water-monitor-1,5.8,29.67,2009.3,Unsafe
soil-water-monitor-1,7.09,1.28,234.2,Safe
soil-water-monitor-1,7.68,2.34,378.8,Safe
soil-water-monitor-3,5.69,11.28,775.5,Unsafe
soil-water-monitor-2,7.66,1.92,285.5,Safe
soil-water-monitor-3,6.4,29.61,1326.8,Unsafe
soil-water-monitor-3,,4.74,461.5,Safe
soil-water-monitor-2,7.3,2.79,483.1,Safe
soil-water-monitor-1,,12.16,481.5,Moderate
soil-water-monitor-3,6.39,2.61,284.2,Safe
soil-water-monitor-2,6.64,5.4,508.1,Safe
soil-water-monitor-2,7.1,7.78,596.0,Moderate
soil-water-monitor-1,6.7,1.79,724.8,Safe
soil-water-monitor-3,5.87,30.07,1012.0,Unsafe
soil-water-monitor-1,7.4,5.03,602.3,Safe
soil-water-monitor-1,7.43,21.69,2339.8,Unsafe
soil-water-monitor-3,6.39,11.14,625.7,Unsafe
soil-water-monitor-2,5.56,28.13,1729.3,Unsafe
soil-water-monitor-3,2.56,37.14,3209.4,Critical
soil-water-monitor-3,6.37,6.39,350.5,Safe
soil-water-monitor-1,7.21,1.72,289.7,Safe
soil-water-monitor-1,6.5,8.56,899.0,Moderate
soil-water-monitor-3,7.15,4.84,473.2,Safe
soil-water-monitor-3,7.75,2.78,389.6,Safe
soil-water-monitor-2,5.81,33.67,1939.9,Unsafe
soil-water-monitor-1,6.9,5.95,284.3,Safe
soil-water-monitor-2,6.26,6.59,458.5,Moderate
soil-water-monitor-2,7.43,2.81,318.8,Safe
soil-water-monitor-1,6.98,5.68,702.4,Moderate
soil-water-monitor-1,5.78,19.42,905.4,Unsafe
soil-water-monitor-3,6.82,0.0,307.7,Safe
soil-water-monitor-2,7.55,2.75,241.7,Safe
soil-water-monitor-2,7.11,1.8,349.7,Safe
soil-water-monitor-2,7.23,29.14,1650.3,Unsafe
soil-water-monitor-1,7.8,2.35,243.1,Safe
soil-water-monitor-3,7.07,4.41,512.2,Safe
soil-water-monitor-1,5.88,7.29,770.5,Unsafe
soil-water-monitor-1,6.2,2.69,259.3,Safe
soil-water-monitor-1,8.1,0.0,188.4,Safe
soil-water-monitor-1,7.08,0.58,236.5,Safe
soil-water-monitor-3,6.93,0.75,153.5,Safe
soil-water-monitor-1,7.09,1.46,197.1,Safe
soil-water-monitor-1,6.78,7.97,668.8,Moderate
soil-water-monitor-2,7.62,3.21,165.1,Safe
soil-water-monitor-2,7.73,3.51,247.7,Safe
soil-water-monitor-3,7.24,21.95,1110.7,Unsafe
soil-water-monitor-3,6.54,24.05,1491.2,Unsafe
soil-water-monitor-3,4.95,94.69,2585.2,Critical
soil-water-monitor-3,5.81,6.21,628.4,Unsafe
soil-water-monitor-1,6.58,8.63,886.4,Moderate
soil-water-monitor-2,7.36,5.97,577.6,Moderate
soil-water-monitor-3,6.85,2.97,1025.9,Safe
soil-water-monitor-3,6.04,27.65,1491.5,Unsafe
soil-water-monitor-3,6.82,7.25,818.2,Moderate
soil-water-monitor-3,5.3,16.18,1923.7,Critical
soil-water-monitor-3,6.19,2.67,858.7,Moderate
soil-water-monitor-3,7.63,0.44,307.1,Safe
soil-water-monitor-2,7.57,1.68,299.6,Safe
soil-water-monitor-2,6.78,2.76,606.1,Safe
soil-water-monitor-1,6.61,8.89,730.2,Moderate
soil-water-monitor-3,6.31,12.46,654.6,Moderate
soil-water-monitor-2,6.48,4.08,691.3,Moderate
soil-water-monitor-2,6.84,2.14,248.7,Safe
soil-water-monitor-3,6.76,4.25,514.9,Moderate
soil-water-monitor-1,6.88,1.33,354.0,Safe
soil-water-monitor-2,5.66,17.07,1407.4,Unsafe
soil-water-monitor-1,7.43,1.22,209.7,Safe
soil-water-monitor-2,4.46,11.94,1285.9,Critical
soil-water-monitor-1,7.07,2.09,281.5,Safe
soil-water-monitor-3,6.97,1.78,269.5,Safe
soil-water-monitor-1,5.58,43.69,1658.7,Unsafe
soil-water-monitor-3,8.07,0.0,131.2,Safe
soil-water-monitor-3,7.49,1.49,315.8,Safe
soil-water-monitor-1,7.87,3.5,320.1,Safe
soil-water-monitor-2,6.9,0.78,479.1,Safe
soil-water-monitor-3,6.63,5.64,453.7,Safe
soil-water-monitor-3,6.58,2.97,291.5,Safe
soil-water-monitor-2,8.0,2.26,217.9,Safe
soil-water-monitor-3,6.42,3.29,280.4,Safe
soil-water-monitor-1,7.42,1.52,268.2,Safe
soil-water-monitor-3,7.31,2.4,337.3,Safe
soil-water-monitor-2,6.41,6.8,442.9,Moderate
soil-water-monitor-1,7.62,3.22,271.9,Safe
soil-water-monitor-3,6.47,3.23,447.7,Safe
soil-water-monitor-2,,0.1,726.1,Unsafe
soil-water-monitor-2,7.53,0.14,359.9,Safe
soil-water-monitor-2,6.3,154.45,2785.7,Critical
soil-water-monitor-1,7.72,5.24,451.5,Safe
soil-water-monitor-2,6.45,4.8,822.2,Moderate
soil-water-monitor-3,4.08,41.76,2670.4,Critical
soil-water-monitor-1,7.09,0.41,274.8,Safe
soil-water-monitor-1,7.29,2.94,241.2,Safe
soil-water-monitor-3,7.07,1.38,358.4,Safe
soil-water-monitor-1,6.77,13.41,798.8,Moderate
soil-water-monitor-3,,17.76,675.8,Unsafe
soil-water-monitor-1,7.74,2.29,334.3,Safe
soil-water-monitor-2,7.07,1.68,145.5,Safe
soil-water-monitor-1,5.24,22.8,2216.0,Critical
soil-water-monitor-3,6.03,4.06,933.2,Moderate
soil-water-monitor-3,6.76,3.38,435.3,Safe
soil-water-monitor-2,7.01,1.16,212.5,Safe
soil-water-monitor-1,6.15,8.33,779.6,Moderate
soil-water-monitor-3,7.7,2.73,339.8,Safe
soil-water-monitor-3,6.4,4.8,595.3,Moderate
soil-water-monitor-2,6.72,5.84,604.0,Moderate
soil-water-monitor-3,7.11,7.06,565.7,Moderate
soil-water-monitor-3,7.5,4.2,193.9,Safe
soil-water-monitor-3,7.72,3.4,211.6,Safe
soil-water-monitor-2,6.73,24.01,1132.6,Unsafe
soil-water-monitor-1,7.11,3.24,177.9,Safe
soil-water-monitor-1,8.07,3.21,400.9,Safe
soil-water-monitor-3,8.03,1.39,346.4,Safe
soil-water-monitor-2,6.4,4.32,627.2,Moderate
soil-water-monitor-3,6.0,8.64,441.7,Moderate
soil-water-monitor-2,4.92,91.94,1609.2,Critical
soil-water-monitor-3,6.57,9.37,652.6,Moderate
soil-water-monitor-2,6.73,3.02,310.4,Safe
soil-water-monitor-3,6.67,9.39,383.3,Safe
soil-water-monitor-3,5.14,38.26,1378.7,Critical
soil-water-monitor-2,6.3,42.6,1981.5,Unsafe
soil-water-monitor-2,7.56,4.82,204.6,Safe
soil-water-monitor-3,6.77,5.61,504.3,Moderate
soil-water-monitor-1,7.53,1.66,260.0,Safe
soil-water-monitor-3,,0.58,92.9,Safe
soil-water-monitor-2,6.94,14.51,1572.9,Unsafe
soil-water-monitor-3,7.06,20.62,1091.7,Unsafe
soil-water-monitor-3,7.48,2.15,321.1,Safe
soil-water-monitor-2,,0.0,287.2,Safe
soil-water-monitor-3,6.89,7.95,633.5,Moderate
soil-water-monitor-2,7.26,3.17,393.7,Safe
soil-water-monitor-3,4.88,108.65,2683.4,Critical
soil-water-monitor-1,8.08,0.29,504.3,Safe
soil-water-monitor-2,,14.29,918.3,Moderate
soil-water-monitor-2,6.31,5.92,479.0,Moderate
soil-water-monitor-3,6.99,0.52,156.3,Safe
soil-water-monitor-2,5.31,29.7,1138.7,Critical
soil-water-monitor-1,6.0,12.29,675.0,Unsafe
soil-water-monitor-2,4.99,101.72,2498.1,Critical
soil-water-monitor-3,5.9,56.57,2803.6,Critical
soil-water-monitor-2,5.79,5.69,500.4,Unsafe
soil-water-monitor-2,7.36,2.52,122.3,Safe
soil-water-monitor-2,7.56,0.0,313.5,Safe
soil-water-monitor-2,4.99,158.4,1856.5,Critical
soil-water-monitor-3,6.8,3.12,523.4,Safe
soil-water-monitor-2,7.24,4.26,654.3,Safe
soil-water-monitor-3,6.11,4.86,778.1,Moderate
soil-water-monitor-3,7.5,9.06,455.7,Safe
soil-water-monitor-2,7.45,1.85,187.3,Safe
soil-water-monitor-1,7.23,1.56,239.5,Safe
soil-water-monitor-2,6.82,1.27,304.7,Safe
soil-water-monitor-2,7.3,2.85,84.6,Safe
soil-water-monitor-3,6.94,3.85,286.4,Safe
soil-water-monitor-2,3.56,34.49,1086.5,Critical
soil-water-monitor-3,5.76,56.65,2316.0,Critical
soil-water-monitor-2,5.27,20.96,1484.0,Critical
soil-water-monitor-3,2.92,61.0,2360.4,Critical
soil-water-monitor-1,6.75,1.48,369.8,Safe
soil-water-monitor-2,7.5,2.04,242.3,Safe
soil-water-monitor-2,5.29,25.18,947.8,Unsafe
soil-water-monitor-3,6.74,1.39,253.8,Safe
soil-water-monitor-1,6.67,3.63,102.4,Safe
soil-water-monitor-2,5.58,24.45,1410.6,Critical
soil-water-monitor-3,4.9,19.67,1694.2,Critical
soil-water-monitor-1,6.96,4.58,815.3,Safe
soil-water-monitor-3,7.04,0.29,261.1,Safe
soil-water-monitor-3,6.57,8.07,411.5,Safe
soil-water-monitor-3,7.17,3.16,304.5,Safe
soil-water-monitor-3,6.51,31.03,1375.0,Unsafe
soil-water-monitor-3,7.3,2.34,408.1,Safe
soil-water-monitor-1,6.41,6.34,655.6,Moderate
soil-water-monitor-3,6.91,4.88,385.6,Safe
soil-water-monitor-3,6.68,1.15,167.6,Safe
soil-water-monitor-1,6.63,3.53,761.0,Safe
soil-water-monitor-3,7.55,2.7,271.4,Safe
soil-water-monitor-3,7.42,5.54,462.8,Safe
soil-water-monitor-1,6.48,22.29,1512.8,Unsafe
soil-water-monitor-2,6.88,7.82,583.5,Moderate
soil-water-monitor-3,6.64,4.89,761.5,Safe
soil-water-monitor-1,7.35,0.69,182.5,Safe
soil-water-monitor-2,6.63,7.33,728.4,Moderate
soil-water-monitor-3,6.54,7.02,776.6,Moderate
soil-water-monitor-2,7.0,3.98,224.5,Safe
soil-water-monitor-2,6.52,7.01,766.5,Moderate
soil-water-monitor-2,7.42,2.86,195.3,Safe
soil-water-monitor-1,5.98,2.83,568.6,Moderate
soil-water-monitor-2,7.08,14.44,524.4,Moderate
soil-water-monitor-1,5.69,25.68,1366.7,Unsafe
soil-water-monitor-3,6.65,21.13,922.4,Moderate
soil-water-monitor-2,8.0,0.0,80.6,Safe
soil-water-monitor-3,5.35,19.0,1329.0,Critical
soil-water-monitor-1,3.79,55.24,2421.4,Critical
soil-water-monitor-1,6.15,15.89,1666.5,Unsafe
soil-water-monitor-2,6.86,1.99,565.9,Safe
soil-water-monitor-2,7.63,9.35,571.6,Moderate
soil-water-monitor-3,7.07,4.98,297.7,Safe
soil-water-monitor-3,4.52,79.13,3943.7,Critical
soil-water-monitor-2,7.75,1.95,386.2,Safe
soil-water-monitor-2,6.13,7.52,624.3,Moderate
soil-water-monitor-3,5.97,9.44,517.7,Moderate
soil-water-monitor-2,8.03,1.27,333.2,Safe
soil-water-monitor-3,8.05,3.94,333.9,Safe
soil-water-monitor-1,6.73,1.28,338.5,Safe
soil-water-monitor-1,7.53,1.42,299.0,Safe
soil-water-monitor-2,7.32,4.55,182.6,Safe
soil-water-monitor-1,5.28,10.84,1871.5,Unsafe
soil-water-monitor-1,7.54,0.03,172.4,Safe
soil-water-monitor-1,6.21,13.74,1023.3,Unsafe
soil-water-monitor-3,7.55,3.51,304.3,Safe
soil-water-monitor-2,6.78,10.13,900.2,Moderate
soil-water-monitor-2,5.77,1.54,596.6,Moderate
soil-water-monitor-3,5.42,30.83,1351.2,Unsafe
soil-water-monitor-3,6.4,33.01,1635.6,Unsafe
soil-water-monitor-3,7.7,0.0,174.9,Safe
soil-water-monitor-1,6.8,32.48,1993.0,Unsafe
soil-water-monitor-1,6.22,16.31,1552.8,Unsafe
soil-water-monitor-1,6.9,3.34,240.8,Safe
soil-water-monitor-1,7.6,1.01,356.4,Safe
soil-water-monitor-1,7.31,0.29,219.8,Safe
soil-water-monitor-2,5.4,7.92,1334.8,Unsafe
soil-water-monitor-2,5.86,18.6,1755.5,Unsafe
soil-water-monitor-3,7.13,2.26,333.2,Safe
soil-water-monitor-2,7.53,7.62,429.1,Safe
soil-water-monitor-2,6.26,6.44,555.8,Moderate
soil-water-monitor-3,7.35,5.91,693.8,Moderate
soil-water-monitor-3,7.94,6.18,114.3,Safe
soil-water-monitor-3,6.34,6.34,747.2,Moderate
soil-water-monitor-1,6.66,0.0,381.6,Safe
soil-water-monitor-1,4.56,42.49,1736.1,Critical
soil-water-monitor-1,7.22,4.08,288.7,Safe
soil-water-monitor-1,7.2,1.33,253.3,Safe
soil-water-monitor-1,5.76,11.32,558.1,Unsafe
soil-water-monitor-3,7.62,3.56,234.0,Safe
soil-water-monitor-1,6.63,8.21,1113.8,Moderate
soil-water-monitor-1,6.01,5.26,859.7,Unsafe
soil-water-monitor-2,6.27,5.85,814.7,Moderate
soil-water-monitor-2,7.12,0.88,180.7,Safe
soil-water-monitor-1,6.48,8.97,686.9,Moderate
soil-water-monitor-3,7.74,1.63,432.8,Safe
soil-water-monitor-3,6.87,7.52,729.7,Moderate
soil-water-monitor-1,7.2,0.0,334.3,Safe
soil-water-monitor-2,7.66,6.72,700.8,Moderate
soil-water-monitor-3,6.91,0.65,182.2,Safe
soil-water-monitor-2,6.51,5.89,631.8,Moderate
soil-water-monitor-3,7.26,0.96,246.9,Safe
soil-water-monitor-2,6.24,2.51,308.7,Safe
soil-water-monitor-3,7.27,3.06,212.7,Safe
soil-water-monitor-3,7.51,9.35,794.9,Moderate
soil-water-monitor-3,7.59,5.78,529.7,Safe
soil-water-monitor-2,6.57,2.62,248.1,Safe
soil-water-monitor-1,6.81,0.57,313.7,Safe
soil-water-monitor-2,7.03,7.13,679.7,Moderate
soil-water-monitor-2,6.28,9.09,904.2,Moderate
soil-water-monitor-2,7.03,3.61,323.4,Safe
soil-water-monitor-3,,0.0,354.4,Safe
soil-water-monitor-1,6.62,58.56,2681.5,Critical
soil-water-monitor-3,5.4,28.3,1529.1,Critical
soil-water-monitor-2,7.25,1.11,257.6,Safe
soil-water-monitor-2,4.5,30.98,1203.1,Critical
soil-water-monitor-2,5.69,12.71,1260.7,Unsafe
soil-water-monitor-2,7.47,3.04,376.7,Safe
soil-water-monitor-1,7.4,10.0,503.1,Moderate
soil-water-monitor-1,6.99,2.48,140.5,Safe
soil-water-monitor-2,6.75,1.27,299.5,Safe
soil-water-monitor-3,7.14,3.55,299.3,Safe
soil-water-monitor-1,6.96,2.95,204.1,Safe
soil-water-monitor-1,6.79,0.0,118.3,Safe
soil-water-monitor-2,7.44,4.48,299.1,Safe
soil-water-monitor-1,7.93,0.0,380.6,Safe
soil-water-monitor-2,5.31,17.55,1544.6,Critical
soil-water-monitor-3,7.21,1.88,123.6,Safe
soil-water-monitor-3,,7.85,538.9,Unsafe
soil-water-monitor-2,5.85,5.67,459.2,Moderate
soil-water-monitor-1,6.45,9.01,633.9,Moderate
soil-water-monitor-2,6.92,17.23,1316.4,Unsafe
soil-water-monitor-3,5.97,5.61,776.2,Unsafe
soil-water-monitor-3,4.64,77.28,2134.2,Critical
soil-water-monitor-2,6.33,3.12,590.5,Moderate
soil-water-monitor-1,3.46,91.73,2246.2,Critical
soil-water-monitor-3,7.57,1.27,342.3,Safe
soil-water-monitor-1,6.36,6.73,483.7,Safe
soil-water-monitor-3,6.16,10.84,448.8,Moderate
soil-water-monitor-3,8.18,1.0,135.1,Safe
soil-water-monitor-3,6.27,6.86,637.0,Moderate
soil-water-monitor-3,6.85,2.22,289.4,Safe
soil-water-monitor-1,6.69,5.41,898.1,Moderate
soil-water-monitor-2,7.64,2.68,236.5,Safe
soil-water-monitor-1,7.07,0.58,264.6,Safe
soil-water-monitor-1,7.52,1.05,396.2,Safe
soil-water-monitor-2,7.14,0.0,228.0,Safe
soil-water-monitor-1,6.99,0.27,236.7,Safe
soil-water-monitor-3,7.16,2.73,308.1,Safe
soil-water-monitor-2,6.27,38.32,1612.5,Unsafe
soil-water-monitor-3,5.46,4.31,680.2,Moderate
soil-water-monitor-1,7.84,1.4,488.7,Safe
soil-water-monitor-3,7.31,2.52,264.2,Safe
soil-water-monitor-3,5.59,6.25,701.2,Unsafe
soil-water-monitor-2,7.96,2.56,215.2,Safe
soil-water-monitor-3,6.92,24.86,1592.5,Unsafe
soil-water-monitor-1,5.66,39.62,1594.4,Unsafe
soil-water-monitor-2,6.54,5.77,862.9,Moderate
soil-water-monitor-1,7.58,2.24,126.4,Safe
soil-water-monitor-2,7.18,2.95,192.8,Safe
soil-water-monitor-3,5.12,17.63,1902.7,Critical
soil-water-monitor-1,6.78,9.96,886.9,Moderate
soil-water-monitor-1,5.65,18.66,2026.6,Unsafe
soil-water-monitor-2,7.06,0.62,134.7,Safe
soil-water-monitor-2,7.93,1.84,264.8,Safe
soil-water-monitor-3,,0.0,351.8,Safe
soil-water-monitor-1,6.63,39.42,2326.2,Unsafe
soil-water-monitor-1,7.72,0.96,413.1,Safe
soil-water-monitor-2,5.18,82.08,2395.2,Critical
soil-water-monitor-1,7.64,4.22,426.4,Safe
soil-water-monitor-3,7.19,0.0,526.5,Safe
soil-water-monitor-1,7.05,7.15,579.3,Safe
soil-water-monitor-2,6.83,6.1,658.3,Moderate
soil-water-monitor-2,5.83,31.85,1143.5,Unsafe
soil-water-monitor-1,5.85,8.17,891.4,Moderate
soil-water-monitor-1,7.56,1.21,344.8,Safe
soil-water-monitor-2,7.9,4.22,349.1,Safe
soil-water-monitor-2,7.72,0.36,435.7,Safe
soil-water-monitor-1,7.4,1.91,606.5,Safe
soil-water-monitor-2,6.84,4.99,574.8,Moderate
soil-water-monitor-2,6.96,17.59,1035.9,Unsafe
soil-water-monitor-1,,2.26,282.5,Safe
soil-water-monitor-2,6.48,28.66,1157.2,Unsafe
soil-water-monitor-2,5.05,19.56,1585.9,Critical
soil-water-monitor-1,6.65,9.14,701.4,Moderate
soil-water-monitor-1,6.97,1.15,353.1,Safe
soil-water-monitor-1,7.67,1.57,327.7,Safe
soil-water-monitor-3,7.04,6.21,548.8,Moderate
soil-water-monitor-3,7.34,1.01,232.7,Safe
soil-water-monitor-2,6.39,32.28,1017.5,Unsafe
soil-water-monitor-2,7.6,0.76,168.1,Safe
soil-water-monitor-3,6.39,4.05,307.7,Safe
soil-water-monitor-3,7.43,2.85,233.3,Safe
soil-water-monitor-3,6.4,1.12,230.6,Safe
soil-water-monitor-3,7.41,3.34,1002.1,Safe
soil-water-monitor-2,7.37,5.44,552.9,Moderate
soil-water-monitor-1,7.65,3.99,65.8,Safe
soil-water-monitor-3,6.27,1.31,383.0,Safe
soil-water-monitor-3,6.64,14.76,1340.7,Unsafe
soil-water-monitor-3,7.48,2.94,284.7,Safe
soil-water-monitor-3,6.43,37.98,1917.2,Unsafe
soil-water-monitor-2,7.53,3.44,208.6,Safe
soil-water-monitor-2,6.72,3.82,753.5,Safe
soil-water-monitor-2,8.03,0.0,250.6,Safe
soil-water-monitor-2,7.54,2.58,344.6,Safe
soil-water-monitor-2,6.64,3.05,301.4,Safe
soil-water-monitor-1,6.91,23.04,605.3,Moderate
soil-water-monitor-2,6.26,29.65,1655.8,Unsafe
soil-water-monitor-1,7.81,1.82,346.4,Safe
soil-water-monitor-3,5.87,19.28,1257.1,Unsafe
soil-water-monitor-1,7.48,1.55,227.2,Safe
soil-water-monitor-3,7.1,4.77,304.5,Safe
soil-water-monitor-1,6.97,1.73,266.7,Safe
soil-water-monitor-1,6.9,4.51,308.9,Safe
soil-water-monitor-3,6.61,9.98,788.0,Moderate
soil-water-monitor-2,7.45,5.42,458.9,Safe
soil-water-monitor-2,5.91,12.95,1000.8,Unsafe
soil-water-monitor-3,3.27,60.58,3001.3,Critical
soil-water-monitor-3,7.89,1.56,452.4,Safe
soil-water-monitor-1,5.62,15.22,1221.6,Unsafe
soil-water-monitor-1,7.23,0.0,268.5,Safe
soil-water-monitor-3,6.94,1.47,334.8,Safe
soil-water-monitor-2,6.98,4.28,231.3,Safe
soil-water-monitor-1,6.71,0.05,322.7,Safe
soil-water-monitor-2,6.43,9.34,660.4,Moderate
soil-water-monitor-3,6.66,1.06,323.0,Safe
soil-water-monitor-3,7.08,0.0,138.9,Safe
soil-water-monitor-2,7.32,3.15,365.9,Safe
soil-water-monitor-3,7.15,17.35,973.0,Unsafe
soil-water-monitor-3,6.83,8.79,584.6,Moderate
soil-water-monitor-2,6.6,20.75,1031.5,Unsafe
soil-water-monitor-2,7.32,2.02,167.5,Safe
soil-water-monitor-1,6.93,0.66,196.0,Safe
soil-water-monitor-3,7.7,5.31,228.9,Safe
soil-water-monitor-1,6.63,14.14,728.1,Moderate
soil-water-monitor-2,6.68,25.42,1151.6,Unsafe
soil-water-monitor-3,6.74,5.19,678.9,Moderate
soil-water-monitor-1,5.84,21.2,1867.7,Unsafe
soil-water-monitor-1,4.47,38.04,1653.5,Critical
soil-water-monitor-3,6.9,8.66,558.2,Moderate
soil-water-monitor-3,,6.58,795.0,Moderate
soil-water-monitor-2,7.21,3.34,297.6,Safe
soil-water-monitor-3,7.69,0.0,180.3,Safe
soil-water-monitor-3,7.33,0.72,396.4,Safe
soil-water-monitor-3,6.86,4.62,312.7,Safe
soil-water-monitor-2,5.53,71.58,3480.6,Critical
soil-water-monitor-2,7.31,2.32,148.9,Safe
soil-water-monitor-1,6.13,4.57,674.6,Moderate
soil-water-monitor-2,6.12,6.29,536.9,Moderate
soil-water-monitor-3,6.39,9.39,642.1,Moderate
soil-water-monitor-3,4.84,34.67,1162.6,Critical
soil-water-monitor-2,6.93,2.32,177.0,Safe
soil-water-monitor-1,8.3,3.55,383.8,Safe
soil-water-monitor-3,6.97,3.1,167.1,Safe
soil-water-monitor-1,7.3,1.64,269.0,Safe
soil-water-monitor-3,7.01,0.0,392.9,Safe
soil-water-monitor-3,6.97,3.8,294.8,Safe
soil-water-monitor-3,7.42,3.0,383.6,Safe
soil-water-monitor-1,7.28,1.57,617.8,Safe
soil-water-monitor-3,6.92,2.41,519.3,Safe
soil-water-monitor-3,8.11,2.29,226.4,Safe
soil-water-monitor-1,7.13,10.89,685.1,Moderate
soil-water-monitor-3,5.41,15.86,1024.0,Critical
soil-water-monitor-2,7.1,3.56,196.8,Safe
soil-water-monitor-1,7.2,0.79,205.8,Safe
soil-water-monitor-1,5.39,15.55,1342.3,Critical
soil-water-monitor-1,7.01,4.17,674.0,Moderate
soil-water-monitor-3,4.41,42.2,3002.4,Critical
soil-water-monitor-2,7.99,1.07,264.2,Safe
soil-water-monitor-3,6.36,5.85,685.1,Moderate
soil-water-monitor-3,7.02,1.41,245.2,Safe
soil-water-monitor-1,6.35,4.47,697.7,Moderate
soil-water-monitor-2,7.13,2.5,249.7,Safe
soil-water-monitor-3,7.05,8.54,589.9,Moderate
soil-water-monitor-2,5.76,7.73,636.8,Unsafe
soil-water-monitor-1,7.87,0.83,330.6,Safe
soil-water-monitor-1,6.89,6.07,544.1,Moderate
soil-water-monitor-3,6.86,1.97,335.8,Safe
soil-water-monitor-3,7.03,2.3,177.9,Safe
soil-water-monitor-1,7.3,2.41,245.2,Safe
soil-water-monitor-2,6.99,2.82,165.0,Safe
soil-water-monitor-1,6.12,4.13,682.9,Moderate
soil-water-monitor-1,4.36,20.31,2221.5,Critical
soil-water-monitor-2,6.39,4.31,271.6,Safe
soil-water-monitor-2,7.32,9.05,676.4,Moderate
soil-water-monitor-1,6.08,22.14,1495.2,Unsafe
soil-water-monitor-2,6.19,29.39,1481.0,Unsafe
soil-water-monitor-2,6.18,135.65,2354.5,Critical
soil-water-monitor-2,7.48,1.07,368.0,Safe
soil-water-monitor-2,7.16,3.74,481.4,Safe
soil-water-monitor-3,7.24,1.33,170.8,Safe
soil-water-monitor-1,4.61,51.86,3006.8,Critical
soil-water-monitor-3,,18.53,1284.7,Unsafe
soil-water-monitor-2,7.3,4.86,693.6,Moderate
soil-water-monitor-3,7.0,1.12,213.0,Safe
soil-water-monitor-3,6.42,5.53,844.8,Moderate
soil-water-monitor-3,6.89,5.93,727.4,Moderate
soil-water-monitor-2,3.29,40.03,2110.7,Critical
soil-water-monitor-1,8.05,4.05,177.5,Safe
soil-water-monitor-2,6.73,6.31,424.3,Safe
soil-water-monitor-1,5.82,13.1,1398.8,Unsafe
soil-water-monitor-1,7.04,1.73,65.0,Safe
soil-water-monitor-2,6.33,4.03,410.5,Safe
soil-water-monitor-3,6.92,4.12,111.8,Safe
soil-water-monitor-1,7.69,0.74,120.4,Safe
soil-water-monitor-2,6.87,1.33,600.8,Safe
soil-water-monitor-2,7.96,0.0,234.2,Safe
soil-water-monitor-1,7.42,5.3,238.9,Safe
soil-water-monitor-1,6.9,1.78,317.0,Safe
soil-water-monitor-1,6.05,5.07,630.3,Moderate
soil-water-monitor-1,6.55,11.48,967.7,Unsafe
soil-water-monitor-2,7.34,0.67,474.5,Safe
soil-water-monitor-1,8.15,2.65,337.1,Safe
soil-water-monitor-1,4.74,16.68,1832.1,Critical
soil-water-monitor-2,7.32,2.85,345.7,Safe
soil-water-monitor-1,7.17,2.14,328.2,Safe
soil-water-monitor-1,7.24,0.88,587.6,Safe
soil-water-monitor-3,5.66,36.46,1540.7,Unsafe
soil-water-monitor-1,6.45,0.24,380.4,Safe
soil-water-monitor-2,6.07,32.04,1067.3,Unsafe
soil-water-monitor-1,5.49,35.36,1225.2,Unsafe
soil-water-monitor-2,5.86,32.14,1196.7,Unsafe
soil-water-monitor-3,7.11,0.83,309.5,Safe
soil-water-monitor-2,7.22,2.14,270.3,Safe
soil-water-monitor-2,7.2,2.4,190.9,Safe
soil-water-monitor-1,7.6,3.22,283.3,Safe
soil-water-monitor-1,7.19,2.85,270.3,Safe
soil-water-monitor-1,7.16,3.36,523.1,Safe
soil-water-monitor-1,7.71,4.2,63.5,Safe
soil-water-monitor-2,7.78,0.07,370.1,Safe
soil-water-monitor-2,7.46,2.65,439.1,Safe
soil-water-monitor-1,7.16,2.3,263.3,Safe
soil-water-monitor-1,6.52,8.47,325.2,Safe
soil-water-monitor-3,8.34,3.94,286.7,Safe
soil-water-monitor-1,6.69,2.99,319.0,Safe
soil-water-monitor-2,6.85,1.55,363.3,Safe
soil-water-monitor-3,7.14,0.0,253.9,Safe
soil-water-monitor-3,7.14,1.8,354.5,Safe
soil-water-monitor-1,5.32,46.22,1514.4,Critical
soil-water-monitor-2,7.52,3.98,257.7,Safe
soil-water-monitor-3,7.06,7.06,560.7,Moderate
soil-water-monitor-2,6.98,9.12,483.8,Safe
soil-water-monitor-1,4.52,28.2,1284.7,Critical
soil-water-monitor-2,7.23,4.02,434.7,Safe
soil-water-monitor-2,7.49,3.47,433.6,Safe
soil-water-monitor-2,6.76,7.93,534.8,Moderate
soil-water-monitor-2,7.23,4.4,531.1,Safe
soil-water-monitor-2,4.46,56.94,2526.8,Critical
soil-water-monitor-2,7.32,2.0,298.7,Safe
soil-water-monitor-1,6.21,1.9,277.5,Safe
soil-water-monitor-3,6.19,29.02,830.6,Unsafe
soil-water-monitor-3,,6.27,716.7,Unsafe
soil-water-monitor-3,4.41,18.58,1617.9,Critical
soil-water-monitor-1,6.61,0.29,277.7,Safe
soil-water-monitor-2,6.04,6.51,771.3,Moderate
soil-water-monitor-3,3.59,78.37,1164.5,Critical
soil-water-monitor-3,6.63,1.63,159.9,Safe
soil-water-monitor-3,7.86,2.08,272.6,Safe
soil-water-monitor-2,7.32,2.54,296.5,Safe
soil-water-monitor-1,7.77,1.79,118.8,Safe
soil-water-monitor-3,5.57,7.73,560.9,Unsafe
soil-water-monitor-3,6.44,3.42,222.8,Safe
soil-water-monitor-2,6.83,0.0,382.2,Safe
soil-water-monitor-1,6.93,8.17,734.0,Moderate
soil-water-monitor-2,6.22,7.98,739.1,Moderate
soil-water-monitor-3,6.02,2.84,696.7,Moderate
soil-water-monitor-2,6.62,4.59,833.6,Safe
soil-water-monitor-1,7.72,4.04,306.7,Safe
soil-water-monitor-2,6.19,6.12,708.4,Moderate
soil-water-monitor-1,4.49,34.52,1965.7,Critical
soil-water-monitor-2,5.81,6.18,470.5,Moderate
soil-water-monitor-1,4.4,19.55,1548.6,Critical
soil-water-monitor-2,6.56,27.07,1282.7,Unsafe
soil-water-monitor-2,8.15,0.96,141.4,Safe
soil-water-monitor-3,7.55,1.79,256.7,Safe
soil-water-monitor-3,7.07,2.34,88.7,Safe
soil-water-monitor-2,6.92,3.94,532.2,Safe
soil-water-monitor-1,7.09,0.05,338.6,Safe
soil-water-monitor-3,7.93,0.0,339.6,Safe
soil-water-monitor-3,5.63,30.43,1035.8,Unsafe
soil-water-monitor-2,5.08,25.33,1311.4,Critical
soil-water-monitor-3,,22.27,1357.2,Unsafe
soil-water-monitor-2,6.55,10.0,645.6,Moderate
soil-water-monitor-3,7.14,0.88,197.1,Safe
soil-water-monitor-1,5.82,16.63,1282.6,Unsafe
soil-water-monitor-3,6.52,8.67,688.9,Moderate
soil-water-monitor-3,7.92,0.0,180.2,Safe
soil-water-monitor-1,6.27,10.48,828.4,Moderate
soil-water-monitor-2,6.82,2.53,226.4,Safe
soil-water-monitor-3,7.17,18.6,1130.8,Unsafe
soil-water-monitor-3,7.21,0.88,324.1,Safe
soil-water-monitor-1,6.72,14.31,1084.3,Unsafe
soil-water-monitor-3,4.71,12.94,1618.6,Critical
soil-water-monitor-1,6.88,1.68,907.6,Safe
soil-water-monitor-3,7.73,3.26,433.9,Safe
soil-water-monitor-1,4.96,28.82,1555.1,Critical
soil-water-monitor-2,4.91,22.72,1961.8,Critical
soil-water-monitor-1,7.97,0.27,185.9,Safe
soil-water-monitor-3,7.12,0.58,359.6,Safe
soil-water-monitor-2,4.05,79.03,4572.2,Critical
soil-water-monitor-3,7.09,2.73,376.7,Safe
soil-water-monitor-3,6.53,4.09,266.3,Safe
soil-water-monitor-2,6.89,10.37,658.4,Moderate
soil-water-monitor-3,6.75,1.32,233.4,Safe
soil-water-monitor-2,7.34,0.0,168.4,Safe
soil-water-monitor-1,6.5,54.77,954.4,Unsafe
soil-water-monitor-2,7.09,14.14,707.0,Moderate
soil-water-monitor-2,3.58,54.71,1998.9,Critical
soil-water-monitor-3,7.62,4.32,141.9,Safe
soil-water-monitor-3,7.16,2.5,377.2,Safe
soil-water-monitor-2,7.74,2.39,334.3,Safe
soil-water-monitor-3,6.48,54.76,1449.9,Unsafe
soil-water-monitor-1,7.31,0.4,231.7,Safe
soil-water-monitor-2,7.09,3.14,303.1,Safe
soil-water-monitor-1,7.57,1.48,263.3,Safe
soil-water-monitor-3,6.28,6.83,920.2,Moderate
soil-water-monitor-3,6.43,5.87,655.5,Moderate
soil-water-monitor-3,4.59,27.54,1205.3,Critical
soil-water-monitor-3,6.09,7.78,938.9,Unsafe
soil-water-monitor-2,7.36,2.55,181.9,Safe
soil-water-monitor-3,6.04,77.65,2093.3,Critical
soil-water-monitor-3,6.72,1.98,198.9,Safe
soil-water-monitor-2,5.14,154.84,2128.8,Critical
soil-water-monitor-1,6.74,2.05,365.3,Safe
soil-water-monitor-3,8.33,2.67,215.2,Safe
soil-water-monitor-2,7.01,9.28,403.2,Safe
soil-water-monitor-1,5.21,23.2,1364.8,Critical
soil-water-monitor-1,5.66,30.16,1760.3,Unsafe
soil-water-monitor-3,6.14,6.43,614.5,Moderate
soil-water-monitor-3,8.14,2.3,306.6,Safe
soil-water-monitor-3,7.37,2.65,287.3,Safe
soil-water-monitor-3,8.21,2.06,215.8,Safe
soil-water-monitor-2,6.98,1.01,401.1,Safe
soil-water-monitor-2,7.73,27.22,1750.7,Unsafe
soil-water-monitor-1,6.55,25.67,1721.0,Unsafe
soil-water-monitor-2,5.85,43.35,3726.7,Critical
soil-water-monitor-2,7.19,1.79,292.9,Safe
soil-water-monitor-1,6.12,6.08,499.4,Moderate
soil-water-monitor-1,6.79,4.75,740.0,Safe
soil-water-monitor-1,6.5,6.34,675.0,Moderate
soil-water-monitor-3,6.91,6.86,586.7,Moderate
soil-water-monitor-1,7.56,2.07,156.6,Safe
soil-water-monitor-1,6.03,3.7,776.9,Moderate
soil-water-monitor-3,6.7,8.05,504.9,Safe
soil-water-monitor-2,6.44,3.24,240.8,Safe
soil-water-monitor-1,6.66,3.91,470.2,Safe
soil-water-monitor-1,7.47,4.04,341.5,Safe
soil-water-monitor-1,7.12,0.01,306.9,Safe
soil-water-monitor-3,6.92,2.41,354.7,Safe
soil-water-monitor-3,7.37,0.0,295.8,Safe
soil-water-monitor-2,6.0,6.68,698.4,Moderate
soil-water-monitor-3,6.57,21.26,1962.0,Unsafe
soil-water-monitor-1,7.27,4.06,211.3,Safe
soil-water-monitor-1,4.85,84.2,2724.5,Critical
soil-water-monitor-3,7.56,2.69,247.9,Safe
soil-water-monitor-1,7.49,0.17,412.5,Safe
soil-water-monitor-3,7.66,0.0,287.1,Safe
soil-water-monitor-1,7.05,6.02,625.8,Safe
soil-water-monitor-2,6.4,11.13,590.1,Moderate
soil-water-monitor-1,6.83,3.84,599.8,Moderate
soil-water-monitor-3,6.22,22.97,896.9,Unsafe
soil-water-monitor-3,5.79,55.67,3227.6,Critical
soil-water-monitor-3,6.31,45.73,1766.2,Unsafe
soil-water-monitor-3,6.57,8.65,467.8,Safe
soil-water-monitor-2,7.23,1.64,207.3,Safe
soil-water-monitor-1,6.53,0.94,741.6,Moderate
soil-water-monitor-1,6.51,2.66,291.9,Safe
soil-water-monitor-3,7.16,2.5,208.5,Safe
soil-water-monitor-1,8.0,1.86,243.5,Safe
soil-water-monitor-3,5.37,69.63,2930.6,Critical
soil-water-monitor-2,6.33,29.58,837.1,Unsafe
soil-water-monitor-2,7.18,1.39,390.2,Safe
soil-water-monitor-2,5.35,17.82,979.2,Unsafe
soil-water-monitor-1,7.51,1.89,136.6,Safe
soil-water-monitor-3,7.07,8.97,864.8,Moderate
soil-water-monitor-1,7.39,2.55,142.1,Safe
soil-water-monitor-2,7.12,33.75,1591.5,Unsafe
soil-water-monitor-1,6.05,5.33,322.7,Safe
soil-water-monitor-1,6.92,5.58,548.2,Moderate
soil-water-monitor-2,6.61,4.48,312.2,Safe
soil-water-monitor-2,7.11,0.08,488.6,Safe
soil-water-monitor-3,5.2,17.5,917.3,Unsafe
soil-water-monitor-1,5.82,1.87,701.2,Moderate
soil-water-monitor-2,7.1,3.33,305.6,Safe
soil-water-monitor-2,7.14,2.52,288.8,Safe
soil-water-monitor-1,7.66,3.65,221.3,Safe
soil-water-monitor-1,5.62,12.6,809.4,Unsafe
soil-water-monitor-3,7.58,2.67,203.1,Safe
soil-water-monitor-3,6.45,5.44,756.8,Moderate
soil-water-monitor-1,7.66,2.09,387.6,Safe
soil-water-monitor-1,5.87,27.29,1403.1,Unsafe
soil-water-monitor-3,7.09,0.39,221.5,Safe
soil-water-monitor-3,7.3,5.37,620.8,Moderate
soil-water-monitor-3,7.43,4.7,276.0,Safe
soil-water-monitor-1,6.74,4.72,291.0,Safe
soil-water-monitor-3,7.79,1.84,334.7,Safe
soil-water-monitor-2,6.09,42.02,1087.9,Unsafe
soil-water-monitor-1,7.91,0.0,233.5,Safe
soil-water-monitor-2,7.19,3.19,77.8,Safe
soil-water-monitor-1,7.45,3.59,199.7,Safe
soil-water-monitor-2,4.36,61.37,2372.0,Critical
soil-water-monitor-1,6.5,4.12,593.9,Safe
soil-water-monitor-1,7.5,0.0,338.1,Safe
soil-water-monitor-1,7.26,0.48,140.8,Safe
soil-water-monitor-2,6.59,3.47,349.9,Safe
soil-water-monitor-2,6.92,2.15,352.2,Safe
soil-water-monitor-1,3.8,32.6,3193.7,Critical
soil-water-monitor-1,6.56,7.04,694.7,Moderate
soil-water-monitor-3,7.8,0.77,336.4,Safe
soil-water-monitor-3,7.36,0.44,259.9,Safe
soil-water-monitor-3,5.32,31.37,1356.3,Critical
soil-water-monitor-1,7.72,0.31,316.4,Safe
soil-water-monitor-1,6.71,2.19,201.1,Safe
soil-water-monitor-2,7.83,4.54,532.1,Safe
soil-water-monitor-3,7.25,2.54,325.9,Safe
soil-water-monitor-1,6.77,0.85,225.0,Safe
soil-water-monitor-3,7.87,3.23,197.4,Safe
soil-water-monitor-3,5.37,34.64,3314.6,Critical
soil-water-monitor-3,6.87,5.84,591.4,Moderate
soil-water-monitor-3,5.06,14.0,338.9,Unsafe
soil-water-monitor-3,4.52,25.55,4443.4,Critical
soil-water-monitor-2,6.97,0.27,342.8,Safe
soil-water-monitor-1,7.58,0.92,263.0,Safe
soil-water-monitor-2,7.13,1.63,231.6,Safe
soil-water-monitor-1,5.4,15.24,1761.3,Critical
soil-water-monitor-3,6.82,1.92,446.6,Safe
soil-water-monitor-2,6.21,6.13,650.7,Moderate
soil-water-monitor-2,6.89,0.31,281.0,Safe
soil-water-monitor-3,6.06,7.7,680.5,Unsafe
soil-water-monitor-2,6.18,37.16,1404.6,Unsafe
soil-water-monitor-1,7.2,2.58,343.1,Safe
soil-water-monitor-1,5.98,41.68,1783.2,Unsafe
soil-water-monitor-2,6.23,5.57,791.0,Moderate
soil-water-monitor-1,5.98,2.03,588.6,Moderate
soil-water-monitor-3,6.28,21.92,848.7,Unsafe
soil-water-monitor-3,6.71,4.83,776.2,Moderate
soil-water-monitor-1,7.22,79.32,1473.6,Unsafe
soil-water-monitor-1,6.35,8.17,598.0,Moderate
soil-water-monitor-1,7.32,19.5,1161.1,Unsafe
soil-water-monitor-1,5.93,6.17,775.3,Unsafe
soil-water-monitor-3,7.5,0.68,222.2,Safe
soil-water-monitor-2,7.48,1.73,218.9,Safe
soil-water-monitor-3,7.89,0.69,241.7,Safe
soil-water-monitor-2,5.89,6.79,776.8,Moderate
soil-water-monitor-1,7.67,0.0,199.9,Safe
soil-water-monitor-2,7.23,4.64,130.9,Safe
soil-water-monitor-2,7.37,1.66,347.5,Safe
soil-water-monitor-3,4.77,12.67,1757.2,Critical
soil-water-monitor-3,7.41,1.48,240.2,Safe
soil-water-monitor-1,7.71,2.91,374.1,Safe
soil-water-monitor-3,7.8,0.49,385.9,Safe
soil-water-monitor-2,5.37,24.8,1897.2,Unsafe
soil-water-monitor-1,5.53,16.1,966.1,Unsafe
soil-water-monitor-3,7.04,2.64,342.3,Safe
soil-water-monitor-1,6.61,8.49,1558.7,Moderate
soil-water-monitor-2,6.94,1.37,243.0,Safe
soil-water-monitor-3,6.2,47.04,4924.2,Unsafe
soil-water-monitor-1,5.95,9.75,392.1,Unsafe
soil-water-monitor-1,4.34,140.48,2349.2,Critical
soil-water-monitor-2,6.76,2.43,708.1,Moderate
soil-water-monitor-2,6.26,3.17,654.9,Moderate
soil-water-monitor-3,7.36,3.2,95.8,Safe
soil-water-monitor-2,7.67,4.24,374.2,Safe
soil-water-monitor-2,7.76,3.29,239.5,Safe
soil-water-monitor-1,6.82,2.42,255.5,Safe
soil-water-monitor-1,6.79,5.51,652.3,Safe
soil-water-monitor-2,6.95,2.05,279.4,Safe
soil-water-monitor-3,5.82,5.48,624.5,Unsafe
soil-water-monitor-1,6.97,1.78,325.6,Safe
soil-water-monitor-1,4.14,133.73,2639.6,Critical
soil-water-monitor-3,4.98,98.3,1879.3,Critical
soil-water-monitor-1,7.25,1.77,451.9,Safe
soil-water-monitor-2,7.14,0.16,276.3,Safe
soil-water-monitor-1,6.88,2.31,286.1,Safe
soil-water-monitor-2,6.61,5.82,686.2,Moderate
soil-water-monitor-1,6.89,5.17,587.8,Moderate
soil-water-monitor-1,6.11,45.56,1207.4,Unsafe
soil-water-monitor-1,6.46,15.64,1365.0,Unsafe
soil-water-monitor-3,7.85,2.57,230.4,Safe
soil-water-monitor-3,6.33,3.32,622.7,Moderate
soil-water-monitor-1,7.05,3.65,428.3,Safe
soil-water-monitor-3,7.49,2.74,196.7,Safe
soil-water-monitor-3,7.46,3.64,413.1,Safe
soil-water-monitor-1,7.51,4.41,487.3,Safe
soil-water-monitor-1,5.89,39.24,1965.2,Unsafe
soil-water-monitor-1,5.59,44.87,1448.5,Unsafe
soil-water-monitor-2,7.95,3.97,191.0,Safe
soil-water-monitor-1,6.81,6.82,653.1,Moderate
soil-water-monitor-1,6.85,8.77,487.9,Safe
soil-water-monitor-3,5.4,66.13,2819.1,Critical
soil-water-monitor-1,7.49,1.31,247.5,Safe
soil-water-monitor-2,8.25,3.1,303.5,Safe
soil-water-monitor-3,6.54,4.53,291.5,Safe
soil-water-monitor-3,6.25,1.42,181.1,Safe
soil-water-monitor-1,7.85,1.48,172.6,Safe
soil-water-monitor-3,4.0,77.73,2887.4,Critical
soil-water-monitor-1,7.4,3.2,631.7,Safe
soil-water-monitor-1,6.35,4.13,358.8,Moderate
soil-water-monitor-1,6.27,5.94,794.8,Moderate
soil-water-monitor-1,6.57,5.79,709.3,Moderate
soil-water-monitor-2,4.5,10.87,1963.7,Critical
soil-water-monitor-2,6.0,3.93,624.9,Moderate
soil-water-monitor-2,8.08,4.06,232.9,Safe
soil-water-monitor-2,6.61,4.47,780.8,Safe
soil-water-monitor-1,6.5,7.57,593.3,Moderate
soil-water-monitor-1,7.64,0.12,150.2,Safe
soil-water-monitor-1,4.95,196.92,3597.4,Critical
soil-water-monitor-3,7.73,78.99,1951.5,Unsafe
soil-water-monitor-2,6.42,4.25,781.7,Moderate
soil-water-monitor-3,4.8,16.55,987.3,Critical
soil-water-monitor-1,6.07,25.6,2291.2,Unsafe
soil-water-monitor-1,6.94,7.3,534.1,Moderate
soil-water-monitor-1,6.72,3.22,351.0,Safe
soil-water-monitor-2,4.12,22.39,1084.2,Critical
soil-water-monitor-1,6.19,34.24,1893.2,Unsafe
soil-water-monitor-1,7.56,0.0,293.4,Safe
soil-water-monitor-1,6.86,8.64,435.0,Safe
soil-water-monitor-2,7.08,1.63,328.7,Safe
soil-water-monitor-3,5.85,40.7,3471.7,Critical
soil-water-monitor-3,4.89,113.02,2338.2,Critical
soil-water-monitor-2,7.11,4.8,342.3,Safe
soil-water-monitor-2,6.84,6.27,672.1,Moderate
soil-water-monitor-3,5.93,27.32,1315.6,Unsafe
soil-water-monitor-2,5.07,11.78,2017.4,Critical
soil-water-monitor-3,6.75,3.89,1175.4,Moderate
soil-water-monitor-2,7.32,1.74,378.6,Safe
soil-water-monitor-2,5.96,4.89,698.8,Moderate
soil-water-monitor-1,5.39,5.01,704.9,Moderate
soil-water-monitor-3,7.82,2.94,331.2,Safe
soil-water-monitor-2,6.85,11.42,484.2,Safe
soil-water-monitor-3,7.87,2.38,320.7,Safe
soil-water-monitor-3,7.28,1.99,199.2,Safe
soil-water-monitor-1,7.32,0.69,424.6,Safe
soil-water-monitor-3,5.87,22.56,1548.3,Unsafe
soil-water-monitor-1,6.81,12.21,545.9,Moderate
soil-water-monitor-2,7.39,3.76,463.5,Safe
soil-water-monitor-1,6.7,34.93,1084.6,Unsafe
soil-water-monitor-1,7.02,2.34,173.3,Safe
soil-water-monitor-2,,11.64,308.2,Moderate
soil-water-monitor-3,6.98,1.18,279.3,Safe
soil-water-monitor-2,5.4,7.19,600.4,Unsafe
soil-water-monitor-2,7.02,0.0,256.4,Safe
soil-water-monitor-2,7.7,2.04,428.0,Safe
soil-water-monitor-1,6.91,3.04,720.6,Safe
soil-water-monitor-2,6.9,3.6,576.7,Safe
soil-water-monitor-1,7.61,5.56,143.4,Safe
soil-water-monitor-2,7.29,6.61,414.8,Safe
soil-water-monitor-2,4.52,89.73,2323.4,Critical
soil-water-monitor-1,7.99,2.18,223.2,Safe
soil-water-monitor-3,6.69,2.12,288.0,Safe
soil-water-monitor-3,7.66,1.38,205.8,Safe
soil-water-monitor-1,7.35,2.07,243.5,Safe
soil-water-monitor-3,6.92,1.36,413.3,Safe
soil-water-monitor-2,7.24,0.73,108.0,Safe
soil-water-monitor-2,7.46,2.36,373.5,Safe
soil-water-monitor-3,7.7,0.52,580.6,Safe
soil-water-monitor-2,6.57,6.26,742.6,Moderate
soil-water-monitor-1,8.14,3.19,267.6,Safe
soil-water-monitor-2,6.4,6.75,759.6,Moderate
soil-water-monitor-1,6.1,2.57,440.9,Safe
soil-water-monitor-1,,0.05,277.0,Safe
soil-water-monitor-1,2.64,68.43,2967.9,Critical
soil-water-monitor-2,6.02,36.01,1300.9,Unsafe
soil-water-monitor-2,6.88,0.84,470.3,Safe
soil-water-monitor-3,5.72,6.47,685.9,Unsafe
soil-water-monitor-1,7.68,1.11,246.9,Safe
soil-water-monitor-3,7.43,3.6,274.9,Safe
soil-water-monitor-3,5.69,6.14,593.2,Unsafe
soil-water-monitor-2,7.67,2.0,250.8,Safe
soil-water-monitor-2,3.97,98.83,1516.2,Critical
soil-water-monitor-1,6.77,52.59,1436.8,Unsafe
soil-water-monitor-3,7.01,2.44,204.5,Safe
soil-water-monitor-2,7.15,0.69,333.0,Safe
soil-water-monitor-1,6.48,5.47,492.3,Moderate
soil-water-monitor-1,6.91,4.07,597.4,Safe
soil-water-monitor-2,7.0,3.08,334.6,Safe
soil-water-monitor-3,5.97,5.75,432.4,Moderate
soil-water-monitor-1,6.83,4.1,639.7,Safe
soil-water-monitor-3,7.78,3.01,288.3,Safe
soil-water-monitor-2,7.23,10.01,470.7,Safe
soil-water-monitor-2,7.5,0.77,370.5,Safe
soil-water-monitor-2,7.28,1.08,188.8,Safe
soil-water-monitor-1,6.95,1.33,237.2,Safe
soil-water-monitor-1,7.6,0.91,380.0,Safe
soil-water-monitor-1,6.97,4.78,920.2,Safe
soil-water-monitor-3,7.33,1.79,55.6,Safe
soil-water-monitor-3,7.45,3.25,143.8,Safe
soil-water-monitor-2,6.99,1.87,140.3,Safe
soil-water-monitor-1,5.95,4.41,606.3,Unsafe
soil-water-monitor-2,6.1,12.36,696.4,Unsafe
soil-water-monitor-2,7.05,4.36,947.5,Safe
soil-water-monitor-3,7.16,1.26,184.0,Safe
soil-water-monitor-3,6.27,1.66,245.1,Safe
soil-water-monitor-3,7.42,27.64,1060.1,Unsafe
soil-water-monitor-2,7.47,2.77,361.8,Safe
soil-water-monitor-2,6.74,1.67,318.3,Safe
soil-water-monitor-1,5.53,19.15,1175.9,Unsafe
soil-water-monitor-1,7.69,0.0,267.7,Safe
soil-water-monitor-3,7.27,5.43,167.6,Safe
soil-water-monitor-2,6.97,0.99,253.5,Safe
soil-water-monitor-3,6.82,9.4,531.0,Moderate
soil-water-monitor-3,7.08,2.82,201.5,Safe
soil-water-monitor-1,7.27,7.99,858.5,Moderate
soil-water-monitor-1,6.96,1.84,190.1,Safe
soil-water-monitor-1,5.75,13.19,1567.2,Unsafe
soil-water-monitor-2,7.42,1.57,405.6,Safe
soil-water-monitor-1,6.63,10.16,672.0,Moderate
soil-water-monitor-3,6.88,4.16,593.8,Moderate
soil-water-monitor-3,7.66,4.02,451.3,Safe
soil-water-monitor-3,5.67,191.24,2788.7,Critical
soil-water-monitor-3,7.54,0.9,463.5,Safe
soil-water-monitor-1,6.41,4.34,990.2,Moderate
soil-water-monitor-1,4.88,30.27,1623.4,Critical
soil-water-monitor-3,6.09,14.92,1839.9,Unsafe
soil-water-monitor-2,6.91,5.54,272.3,Safe
soil-water-monitor-3,4.53,21.63,1036.6,Critical
soil-water-monitor-1,6.78,20.73,1140.6,Unsafe
soil-water-monitor-1,4.48,90.45,3541.6,Critical
soil-water-monitor-3,7.38,1.86,350.9,Safe
soil-water-monitor-1,7.78,1.15,391.9,Safe
soil-water-monitor-2,7.48,6.88,732.9,Moderate
soil-water-monitor-3,7.15,3.23,227.8,Safe
soil-water-monitor-3,6.8,3.93,754.1,Moderate
soil-water-monitor-3,7.05,0.0,207.9,Safe
soil-water-monitor-1,7.42,9.47,788.3,Moderate
soil-water-monitor-2,7.11,2.42,277.7,Safe
soil-water-monitor-2,6.23,7.05,826.7,Moderate
soil-water-monitor-1,7.65,0.0,158.8,Safe
soil-water-monitor-1,5.77,17.35,1311.8,Unsafe
soil-water-monitor-1,6.81,2.26,329.2,Safe
soil-water-monitor-2,6.03,120.39,2535.5,Critical
soil-water-monitor-2,7.77,6.82,656.2,Moderate
soil-water-monitor-1,6.32,9.23,785.6,Moderate
soil-water-monitor-3,4.67,20.75,1929.0,Critical
soil-water-monitor-2,7.41,2.25,165.8,Safe
soil-water-monitor-1,7.98,0.0,288.8,Safe
soil-water-monitor-2,5.41,23.91,1783.6,Unsafe
soil-water-monitor-3,6.71,5.42,249.4,Safe
soil-water-monitor-1,7.42,2.5,386.1,Safe
soil-water-monitor-2,6.84,0.68,413.4,Safe
soil-water-monitor-3,7.64,6.04,334.0,Safe
soil-water-monitor-1,7.31,4.78,259.2,Safe
soil-water-monitor-1,4.4,19.86,1453.5,Critical
soil-water-monitor-2,6.42,2.69,310.2,Safe
soil-water-monitor-3,7.92,0.7,122.6,Safe
soil-water-monitor-3,7.7,1.67,299.7,Safe
soil-water-monitor-2,5.85,23.95,1832.7,Unsafe
soil-water-monitor-2,6.6,3.48,322.0,Safe
soil-water-monitor-2,6.41,8.15,721.2,Moderate
soil-water-monitor-1,8.27,1.2,230.7,Safe
soil-water-monitor-1,7.09,12.29,1738.1,Unsafe
soil-water-monitor-2,7.21,2.64,331.2,Safe
soil-water-monitor-2,5.95,9.55,806.4,Unsafe
soil-water-monitor-3,7.94,2.18,210.0,Safe
soil-water-monitor-2,7.55,0.71,313.5,Safe
soil-water-monitor-3,6.59,2.92,1202.6,Moderate
soil-water-monitor-1,6.76,0.97,207.4,Safe
soil-water-monitor-1,6.77,8.89,862.7,Moderate
soil-water-monitor-1,6.04,11.41,1503.3,Unsafe
soil-water-monitor-2,5.55,35.93,914.3,Unsafe
soil-water-monitor-2,5.05,51.67,2625.0,Critical
soil-water-monitor-3,7.14,20.62,1094.2,Unsafe
soil-water-monitor-3,7.21,0.4,188.6,Safe
soil-water-monitor-2,7.12,0.49,221.9,Safe
soil-water-monitor-2,6.54,23.95,1613.1,Unsafe
soil-water-monitor-3,7.27,1.52,338.8,Safe
soil-water-monitor-2,6.97,0.41,183.6,Safe
soil-water-monitor-1,6.81,2.55,536.9,Safe
soil-water-monitor-3,5.95,40.93,1895.0,Unsafe
soil-water-monitor-1,6.94,0.62,152.2,Safe
soil-water-monitor-3,6.66,5.98,536.9,Moderate
soil-water-monitor-2,7.23,2.31,414.3,Safe
soil-water-monitor-1,7.03,10.09,541.5,Moderate
soil-water-monitor-3,7.27,1.0,344.2,Safe
soil-water-monitor-2,6.98,0.0,331.1,Safe
soil-water-monitor-3,6.93,0.0,441.0,Safe
soil-water-monitor-3,6.61,6.79,552.0,Moderate
soil-water-monitor-3,6.3,6.84,379.7,Moderate
soil-water-monitor-1,6.6,1.33,263.8,Safe
soil-water-monitor-2,6.97,20.14,1848.5,Unsafe
soil-water-monitor-2,7.24,6.31,294.7,Safe
soil-water-monitor-2,7.36,9.57,505.2,Safe
soil-water-monitor-2,7.38,8.25,707.3,Moderate
soil-water-monitor-1,7.85,0.76,329.1,Safe
soil-water-monitor-2,7.49,3.14,338.5,Safe
soil-water-monitor-3,6.16,11.43,465.4,Unsafe
soil-water-monitor-2,6.62,10.47,574.7,Moderate
soil-water-monitor-1,5.91,70.51,3465.9,Critical
soil-water-monitor-1,7.15,0.43,178.9,Safe
soil-water-monitor-2,6.86,10.09,770.5,Moderate
soil-water-monitor-2,7.19,0.04,173.6,Safe
soil-water-monitor-1,7.37,15.24,1021.2,Unsafe
soil-water-monitor-2,6.97,3.46,521.0,Safe
soil-water-monitor-3,5.58,8.89,1730.8,Unsafe
soil-water-monitor-1,7.46,0.0,272.3,Safe
soil-water-monitor-2,8.07,0.81,301.7,Safe
soil-water-monitor-2,7.52,2.68,417.2,Safe
soil-water-monitor-2,6.32,5.43,784.2,Moderate
soil-water-monitor-2,7.25,2.52,264.5,Safe
soil-water-monitor-1,7.41,2.09,460.3,Safe
soil-water-monitor-2,6.68,1.27,258.4,Safe
soil-water-monitor-2,6.96,2.09,194.8,Safe
soil-water-monitor-2,7.02,6.58,652.7,Moderate
soil-water-monitor-1,7.7,0.99,271.8,Safe
soil-water-monitor-1,7.74,16.15,1537.5,Unsafe
soil-water-monitor-3,7.43,1.47,250.0,Safe
soil-water-monitor-2,7.06,3.17,380.1,Safe
soil-water-monitor-3,8.21,3.91,286.2,Safe
soil-water-monitor-2,7.66,1.35,315.2,Safe
soil-water-monitor-3,6.8,1.78,243.5,Safe
soil-water-monitor-1,6.83,1.68,273.0,Safe
soil-water-monitor-1,4.55,76.39,3330.5,Critical
soil-water-monitor-3,5.2,25.7,838.1,Unsafe
soil-water-monitor-1,7.7,1.09,163.7,Safe
soil-water-monitor-2,6.47,8.27,451.4,Safe
soil-water-monitor-2,7.15,4.42,747.9,Safe
soil-water-monitor-1,5.26,26.02,905.8,Unsafe
soil-water-monitor-1,7.79,7.27,523.8,Moderate
soil-water-monitor-3,6.9,6.26,592.4,Moderate
soil-water-monitor-1,6.38,8.2,669.2,Moderate
soil-water-monitor-2,6.7,8.21,419.5,Safe
soil-water-monitor-3,7.36,11.29,403.8,Safe
soil-water-monitor-3,6.47,0.0,628.9,Safe
soil-water-monitor-2,5.22,34.31,1246.5,Critical
soil-water-monitor-1,5.25,28.03,1335.0,Critical
soil-water-monitor-3,7.92,0.47,196.7,Safe
soil-water-monitor-2,6.22,8.06,932.5,Moderate
soil-water-monitor-1,7.51,1.52,410.0,Safe
soil-water-monitor-1,7.21,3.87,253.1,Safe
soil-water-monitor-2,6.22,3.83,660.6,Moderate
soil-water-monitor-2,6.45,2.53,590.7,Safe
soil-water-monitor-3,6.51,4.97,686.8,Moderate
soil-water-monitor-1,7.62,3.86,165.7,Safe
soil-water-monitor-3,6.32,6.37,627.0,Moderate
soil-water-monitor-2,6.33,3.56,986.5,Moderate
soil-water-monitor-1,7.21,5.23,172.1,Safe
soil-water-monitor-2,,0.65,376.9,Safe
soil-water-monitor-1,7.37,1.87,480.1,Safe
soil-water-monitor-1,6.54,15.79,1285.4,Unsafe
soil-water-monitor-3,4.63,31.62,1141.5,Critical
soil-water-monitor-2,7.02,8.61,1160.7,Unsafe
soil-water-monitor-2,7.25,1.76,300.4,Safe
soil-water-monitor-3,2.83,41.63,2694.6,Critical
soil-water-monitor-2,7.01,3.49,176.1,Safe
soil-water-monitor-1,4.81,23.98,1200.1,Critical
soil-water-monitor-2,7.14,1.91,279.2,Safe
soil-water-monitor-2,6.9,32.34,1653.4,Unsafe
soil-water-monitor-1,6.73,7.4,506.2,Moderate
soil-water-monitor-2,7.45,1.99,293.6,Safe
soil-water-monitor-1,7.57,2.1,349.9,Safe
soil-water-monitor-3,7.44,1.27,184.7,Safe
soil-water-monitor-2,6.81,2.76,241.5,Safe
soil-water-monitor-1,7.52,4.35,195.6,Safe
soil-water-monitor-2,6.03,27.48,1473.0,Unsafe
soil-water-monitor-2,7.12,6.61,490.7,Moderate
soil-water-monitor-3,5.7,4.39,601.0,Unsafe
soil-water-monitor-3,7.46,6.11,304.0,Safe
soil-water-monitor-3,7.03,1.82,296.2,Safe
soil-water-monitor-3,7.75,2.61,164.9,Safe
soil-water-monitor-1,7.68,3.04,364.8,Safe
soil-water-monitor-3,5.79,2.85,435.5,Moderate
soil-water-monitor-1,5.17,65.68,2381.4,Critical
soil-water-monitor-1,6.58,7.58,483.4,Moderate
soil-water-monitor-1,7.08,7.67,477.3,Safe
soil-water-monitor-2,7.2,5.18,765.2,Moderate
soil-water-monitor-3,6.39,5.65,855.1,Moderate
soil-water-monitor-1,6.83,2.62,373.7,Safe
soil-water-monitor-3,6.3,106.43,1943.5,Unsafe
soil-water-monitor-3,7.64,0.4,201.8,Safe
soil-water-monitor-1,7.14,2.63,287.4,Safe
soil-water-monitor-3,,0.0,283.3,Safe
soil-water-monitor-3,6.93,3.0,249.5,Safe
soil-water-monitor-1,6.73,21.81,1745.0,Unsafe
soil-water-monitor-2,7.49,0.57,336.9,Safe
soil-water-monitor-2,6.84,4.11,717.8,Moderate
soil-water-monitor-1,4.08,39.05,2548.2,Critical
soil-water-monitor-1,5.41,25.63,706.1,Unsafe
soil-water-monitor-2,7.74,0.79,348.6,Safe
soil-water-monitor-3,5.73,7.76,1044.4,Unsafe
soil-water-monitor-3,7.43,2.71,410.8,Safe
soil-water-monitor-2,6.26,5.05,938.1,Moderate
soil-water-monitor-2,7.64,3.07,350.6,Safe
soil-water-monitor-2,6.91,7.5,590.1,Moderate
soil-water-monitor-1,7.56,2.73,199.7,Safe
soil-water-monitor-1,6.73,6.83,737.0,Moderate
soil-water-monitor-1,6.41,8.84,847.5,Moderate
soil-water-monitor-1,6.42,11.88,568.8,Unsafe
soil-water-monitor-2,7.05,1.68,253.0,Safe
soil-water-monitor-2,7.06,0.0,247.2,Safe
soil-water-monitor-3,2.65,159.51,2228.5,Critical
soil-water-monitor-1,6.55,1.74,285.4,Safe
soil-water-monitor-1,6.11,34.58,1041.8,Unsafe
soil-water-monitor-3,7.34,0.92,343.0,Safe
soil-water-monitor-3,6.15,0.27,186.9,Safe
soil-water-monitor-2,6.85,9.96,568.4,Moderate
soil-water-monitor-1,7.04,3.41,130.4,Safe
soil-water-monitor-1,3.27,99.89,3570.6,Critical
soil-water-monitor-1,6.1,9.6,739.7,Moderate
soil-water-monitor-1,7.05,0.62,341.4,Safe
soil-water-monitor-2,7.21,2.14,288.3,Safe
soil-water-monitor-2,7.26,9.09,631.0,Moderate
soil-water-monitor-1,7.02,2.47,309.7,Safe
soil-water-monitor-2,6.91,2.06,175.8,Safe
soil-water-monitor-2,7.12,1.42,269.1,Safe
soil-water-monitor-3,7.64,2.92,545.1,Safe
soil-water-monitor-1,6.83,8.88,484.1,Safe
soil-water-monitor-3,5.95,2.72,669.7,Moderate
soil-water-monitor-3,6.8,7.29,721.0,Moderate
soil-water-monitor-2,6.64,6.3,614.9,Moderate
soil-water-monitor-3,6.89,6.28,466.0,Safe
soil-water-monitor-1,6.86,1.43,289.2,Safe
soil-water-monitor-1,6.71,5.14,820.5,Moderate
soil-water-monitor-2,6.73,28.51,1298.0,Unsafe
soil-water-monitor-1,7.27,6.38,510.9,Safe
soil-water-monitor-3,6.83,5.11,401.4,Safe
soil-water-monitor-2,6.87,2.28,410.6,Safe
soil-water-monitor-3,6.94,6.82,719.1,Moderate
soil-water-monitor-3,6.9,0.77,232.8,Safe
soil-water-monitor-3,7.47,0.0,449.9,Safe
soil-water-monitor-1,6.27,3.87,81.8,Safe
soil-water-monitor-3,8.09,0.7,156.1,Safe
soil-water-monitor-3,6.55,9.11,593.1,Moderate
soil-water-monitor-1,6.4,7.23,1370.8,Moderate
soil-water-monitor-1,6.94,2.3,337.3,Safe
soil-water-monitor-1,7.29,2.2,139.6,Safe
soil-water-monitor-1,7.21,2.3,379.8,Safe
soil-water-monitor-3,6.94,2.52,218.7,Safe
soil-water-monitor-1,6.65,8.87,730.0,Moderate
soil-water-monitor-1,7.13,4.5,302.4,Safe
soil-water-monitor-2,5.71,27.07,1593.2,Unsafe
soil-water-monitor-1,6.37,8.42,641.3,Moderate
soil-water-monitor-3,6.32,12.65,644.0,Unsafe
soil-water-monitor-2,5.68,72.96,2732.8,Critical
soil-water-monitor-2,7.73,2.1,184.3,Safe
soil-water-monitor-1,5.61,25.02,1476.9,Unsafe
soil-water-monitor-2,6.71,6.49,810.3,Moderate
soil-water-monitor-2,7.1,2.71,452.6,Safe
soil-water-monitor-3,6.59,2.34,159.8,Safe
soil-water-monitor-3,6.89,1.35,226.0,Safe
soil-water-monitor-1,4.6,17.93,1284.6,Critical
soil-water-monitor-1,4.69,67.73,2155.7,Critical
soil-water-monitor-1,7.21,0.5,194.8,Safe
soil-water-monitor-2,6.89,2.21,455.7,Safe
soil-water-monitor-2,5.83,9.06,674.1,Moderate
soil-water-monitor-1,6.22,35.94,759.0,Unsafe
soil-water-monitor-2,6.15,16.94,1527.4,Unsafe
soil-water-monitor-2,7.71,0.43,219.7,Safe
soil-water-monitor-1,5.39,18.37,1745.2,Critical
soil-water-monitor-1,7.47,4.23,340.3,Safe
soil-water-monitor-3,7.41,3.37,266.2,Safe
soil-water-monitor-2,7.73,3.39,240.9,Safe
soil-water-monitor-3,6.9,12.77,1430.1,Unsafe
soil-water-monitor-3,6.64,6.89,508.1,Moderate
soil-water-monitor-2,5.99,1.39,899.3,Moderate
soil-water-monitor-1,5.24,13.87,1134.8,Critical
soil-water-monitor-2,7.2,3.79,690.7,Moderate
soil-water-monitor-1,5.9,176.67,2797.1,Critical
soil-water-monitor-1,8.1,1.43,307.0,Safe
soil-water-monitor-3,5.95,16.35,1570.8,Unsafe
soil-water-monitor-2,7.23,1.7,367.5,Safe
soil-water-monitor-3,7.76,0.11,301.8,Safe
soil-water-monitor-3,7.08,0.04,236.5,Safe
soil-water-monitor-3,6.36,4.26,802.4,Moderate
soil-water-monitor-2,7.03,5.73,1127.9,Moderate
soil-water-monitor-3,6.78,11.17,613.2,Moderate
soil-water-monitor-2,7.7,1.36,484.0,Safe
soil-water-monitor-1,4.07,88.86,2906.7,Critical
soil-water-monitor-1,7.19,1.84,270.0,Safe
soil-water-monitor-2,6.81,10.77,665.6,Moderate
soil-water-monitor-3,4.96,20.94,1162.8,Critical
soil-water-monitor-1,7.61,0.0,236.1,Safe
soil-water-monitor-2,7.3,4.62,140.5,Safe
soil-water-monitor-1,7.41,5.0,352.8,Safe
soil-water-monitor-2,4.98,11.94,1653.4,Critical
soil-water-monitor-3,7.38,1.9,199.6,Safe
soil-water-monitor-1,7.4,2.67,371.1,Safe
soil-water-monitor-1,6.32,23.5,897.6,Unsafe
soil-water-monitor-3,7.09,5.5,461.3,Safe
soil-water-monitor-1,7.59,0.52,227.4,Safe
soil-water-monitor-1,6.64,0.9,301.4,Safe
soil-water-monitor-1,7.53,4.06,350.1,Safe
soil-water-monitor-2,7.42,2.86,132.3,Safe
soil-water-monitor-1,7.56,2.12,238.6,Safe
soil-water-monitor-3,7.32,0.81,361.3,Safe
soil-water-monitor-1,7.15,1.09,525.7,Safe
soil-water-monitor-2,6.16,3.95,487.4,Safe
soil-water-monitor-2,7.06,27.44,1153.1,Unsafe
soil-water-monitor-3,6.19,6.89,806.5,Moderate
soil-water-monitor-2,6.44,10.44,867.8,Unsafe
soil-water-monitor-3,6.48,4.79,639.1,Moderate
soil-water-monitor-2,6.49,10.07,1036.5,Unsafe
soil-water-monitor-1,6.58,4.54,559.4,Safe
soil-water-monitor-2,7.79,2.41,461.6,Safe
soil-water-monitor-2,5.29,23.36,1530.3,Critical
soil-water-monitor-3,7.52,11.38,907.6,Moderate
soil-water-monitor-1,6.71,5.5,497.8,Safe
soil-water-monitor-3,6.45,9.27,1214.8,Moderate
soil-water-monitor-3,7.43,0.0,247.6,Safe
soil-water-monitor-2,7.33,29.98,1352.3,Unsafe
soil-water-monitor-2,6.76,6.58,588.4,Moderate
soil-water-monitor-2,7.06,1.15,277.8,Safe
soil-water-monitor-3,4.83,30.12,1586.6,Critical
soil-water-monitor-1,7.53,0.0,312.3,Safe
soil-water-monitor-2,7.14,0.55,456.9,Safe
soil-water-monitor-2,4.69,28.77,873.1,Unsafe
soil-water-monitor-3,7.62,7.83,790.9,Moderate
soil-water-monitor-1,7.16,0.51,252.2,Safe
soil-water-monitor-1,7.53,1.03,190.9,Safe
soil-water-monitor-1,5.79,20.38,1069.1,Unsafe
soil-water-monitor-1,6.91,4.23,319.2,Safe
soil-water-monitor-1,7.93,3.65,298.8,Safe
soil-water-monitor-1,5.66,4.94,859.1,Unsafe
soil-water-monitor-1,7.56,1.19,337.0,Safe
soil-water-monitor-1,6.33,9.07,562.8,Moderate
soil-water-monitor-3,6.98,49.03,1344.0,Unsafe
soil-water-monitor-2,7.26,4.42,172.1,Safe
soil-water-monitor-3,6.32,35.7,2423.0,Unsafe
soil-water-monitor-1,7.57,1.54,190.1,Safe
soil-water-monitor-1,5.99,32.03,1121.5,Unsafe
soil-water-monitor-1,7.11,0.57,294.3,Safe
soil-water-monitor-2,7.6,2.4,166.2,Safe
soil-water-monitor-3,6.88,0.96,175.7,Safe
soil-water-monitor-2,8.47,0.46,160.6,Safe
soil-water-monitor-1,3.87,122.19,2157.6,Critical
soil-water-monitor-3,7.43,0.58,211.8,Safe
soil-water-monitor-3,6.88,5.3,692.4,Moderate
soil-water-monitor-3,6.41,50.63,1787.2,Unsafe
soil-water-monitor-3,7.43,8.87,870.1,Moderate
soil-water-monitor-3,7.06,1.75,315.4,Safe
soil-water-monitor-3,7.48,2.71,589.6,Safe
soil-water-monitor-3,5.77,12.89,1265.5,Unsafe
soil-water-monitor-3,6.28,22.75,1475.1,Unsafe
soil-water-monitor-2,6.79,22.02,1003.2,Unsafe
soil-water-monitor-3,6.54,1.04,371.1,Safe
soil-water-monitor-3,7.26,0.0,125.1,Safe
soil-water-monitor-2,7.07,3.17,749.8,Safe
soil-water-monitor-1,7.53,3.24,206.7,Safe
soil-water-monitor-3,7.71,0.86,392.2,Safe
soil-water-monitor-3,5.2,38.48,2114.2,Critical
soil-water-monitor-3,7.88,0.87,225.6,Safe
soil-water-monitor-2,6.7,5.99,659.7,Moderate
soil-water-monitor-2,6.67,4.36,296.9,Safe
soil-water-monitor-1,6.44,1.84,180.2,Safe
soil-water-monitor-1,6.52,6.07,622.1,Moderate
soil-water-monitor-3,7.57,1.26,413.3,Safe
soil-water-monitor-1,5.76,10.41,698.8,Unsafe
soil-water-monitor-2,7.9,1.15,337.6,Safe
soil-water-monitor-2,7.21,2.64,139.8,Safe
soil-water-monitor-3,3.01,67.98,2222.3,Critical
soil-water-monitor-2,7.8,4.7,199.4,Safe
soil-water-monitor-3,6.69,10.32,440.0,Safe
soil-water-monitor-1,3.81,89.2,2364.7,Critical
soil-water-monitor-3,6.99,1.27,272.5,Safe
soil-water-monitor-3,6.85,4.92,465.3,Safe
soil-water-monitor-3,,7.93,743.2,Moderate
soil-water-monitor-2,4.08,87.02,2781.9,Critical
soil-water-monitor-1,5.86,5.43,586.4,Unsafe
soil-water-monitor-1,6.2,6.19,738.4,Moderate
soil-water-monitor-2,7.2,4.07,193.7,Safe
soil-water-monitor-3,7.3,10.37,600.2,Moderate
soil-water-monitor-1,6.73,0.69,476.9,Safe
soil-water-monitor-3,7.06,5.9,479.6,Safe
soil-water-monitor-1,7.22,1.97,215.3,Safe
soil-water-monitor-2,6.51,10.51,686.4,Moderate
soil-water-monitor-2,4.91,26.51,1800.2,Critical
soil-water-monitor-3,7.79,2.04,702.4,Safe
soil-water-monitor-3,6.9,0.74,340.3,Safe
soil-water-monitor-2,6.11,52.84,1295.1,Critical
soil-water-monitor-1,6.23,60.91,1312.3,Unsafe
soil-water-monitor-3,7.02,2.38,167.8,Safe
soil-water-monitor-3,7.24,1.86,390.5,Safe
soil-water-monitor-1,7.06,1.66,342.8,Safe
soil-water-monitor-2,7.18,0.85,208.5,Safe
soil-water-monitor-3,7.25,3.21,273.5,Safe
soil-water-monitor-3,5.61,19.68,1824.9,Unsafe
soil-water-monitor-2,7.34,0.73,281.8,Safe
soil-water-monitor-3,6.28,4.97,746.1,Safe
soil-water-monitor-2,5.76,94.82,2284.6,Critical
soil-water-monitor-2,7.43,3.45,407.0,Safe
soil-water-monitor-1,5.16,14.93,1477.0,Critical
soil-water-monitor-1,6.42,29.39,1799.6,Unsafe
soil-water-monitor-3,7.79,0.5,210.8,Safe
soil-water-monitor-1,7.12,7.33,775.4,Moderate
soil-water-monitor-3,5.76,11.05,1767.5,Unsafe
soil-water-monitor-1,5.54,5.57,684.2,Unsafe
soil-water-monitor-1,7.63,6.86,654.2,Moderate
soil-water-monitor-2,7.34,0.0,431.5,Safe
soil-water-monitor-1,6.56,7.83,656.3,Moderate
soil-water-monitor-2,7.4,1.53,294.7,Safe
soil-water-monitor-1,7.17,2.42,252.6,Safe
soil-water-monitor-3,7.0,0.0,238.1,Safe
soil-water-monitor-1,7.1,3.02,185.0,Safe
soil-water-monitor-1,5.97,7.01,964.5,Unsafe
soil-water-monitor-2,7.26,4.11,220.9,Safe
soil-water-monitor-1,6.93,10.65,374.1,Moderate
soil-water-monitor-3,6.8,8.15,640.8,Moderate
soil-water-monitor-1,6.54,8.63,572.0,Moderate
soil-water-monitor-2,7.08,1.49,455.2,Safe
soil-water-monitor-3,7.55,1.99,92.3,Safe
soil-water-monitor-2,7.47,3.61,324.2,Safe
soil-water-monitor-2,4.05,25.37,1651.6,Critical
soil-water-monitor-3,4.63,19.69,716.5,Unsafe
soil-water-monitor-2,6.67,5.39,588.7,Safe
soil-water-monitor-3,6.43,8.07,719.2,Moderate
soil-water-monitor-2,6.73,0.78,271.5,Safe
soil-water-monitor-3,6.94,3.65,62.3,Safe
soil-water-monitor-2,6.95,11.52,629.2,Moderate
soil-water-monitor-3,7.73,0.73,308.0,Safe
soil-water-monitor-1,7.17,2.43,111.2,Safe
soil-water-monitor-2,7.4,0.48,290.7,Safe
soil-water-monitor-3,5.56,24.77,1225.4,Unsafe
soil-water-monitor-1,7.05,3.54,290.8,Safe
soil-water-monitor-1,5.9,39.53,1610.8,Unsafe
soil-water-monitor-3,7.31,4.13,246.9,Safe
soil-water-monitor-2,7.53,0.72,278.9,Safe
soil-water-monitor-1,7.57,3.76,226.2,Safe
soil-water-monitor-3,4.04,162.96,3551.9,Critical
soil-water-monitor-3,6.92,19.42,1656.6,Unsafe
soil-water-monitor-1,6.7,2.28,593.9,Safe
soil-water-monitor-2,6.93,20.11,1033.3,Unsafe
soil-water-monitor-2,7.59,20.54,1457.4,Unsafe
soil-water-monitor-2,6.4,33.0,1298.9,Unsafe
soil-water-monitor-3,6.02,22.42,1162.9,Unsafe
soil-water-monitor-3,7.27,8.76,695.6,Moderate
soil-water-monitor-2,6.48,1.23,185.1,Safe
soil-water-monitor-2,4.67,109.34,2028.2,Critical
soil-water-monitor-1,7.56,1.36,177.6,Safe
soil-water-monitor-2,4.91,10.23,1205.8,Critical
soil-water-monitor-2,6.0,15.99,1755.3,Unsafe
soil-water-monitor-2,5.17,29.23,925.8,Unsafe
soil-water-monitor-3,7.08,1.15,256.1,Safe
soil-water-monitor-3,6.0,10.41,613.1,Moderate
soil-water-monitor-1,4.81,69.85,2876.5,Critical
soil-water-monitor-2,7.67,1.53,280.1,Safe
soil-water-monitor-3,7.29,0.0,275.2,Safe
soil-water-monitor-2,5.36,21.88,1055.8,Critical
soil-water-monitor-2,7.44,1.84,277.6,Safe
soil-water-monitor-3,4.74,25.96,1443.5,Critical
soil-water-monitor-1,6.93,10.37,545.5,Moderate
soil-water-monitor-1,7.69,2.02,262.1,Safe
soil-water-monitor-2,6.28,19.57,1164.9,Unsafe
soil-water-monitor-2,6.45,31.79,2460.2,Unsafe
soil-water-monitor-1,5.17,4.25,481.0,Moderate
soil-water-monitor-2,7.55,1.65,228.6,Safe
soil-water-monitor-1,6.22,2.24,618.4,Moderate
soil-water-monitor-3,7.09,0.9,248.1,Safe
soil-water-monitor-3,7.75,7.26,578.6,Moderate
soil-water-monitor-3,6.79,18.27,923.1,Moderate
soil-water-monitor-2,7.77,9.35,493.5,Safe
soil-water-monitor-2,7.27,1.05,378.7,Safe
soil-water-monitor-1,7.27,1.43,218.6,Safe
soil-water-monitor-1,6.94,3.56,392.7,Safe
soil-water-monitor-3,7.77,0.31,304.6,Safe
soil-water-monitor-3,7.28,0.47,369.5,Safe
soil-water-monitor-3,7.19,0.0,320.1,Safe
soil-water-monitor-2,5.75,28.84,2006.8,Unsafe
soil-water-monitor-3,6.33,6.31,520.2,Moderate
soil-water-monitor-1,7.5,0.0,355.8,Safe
soil-water-monitor-3,5.68,15.83,1247.2,Critical
soil-water-monitor-1,7.0,2.84,314.7,Safe
soil-water-monitor-3,6.0,8.12,648.3,Unsafe
soil-water-monitor-2,5.81,19.33,1724.7,Unsafe
soil-water-monitor-2,6.11,5.83,494.9,Unsafe
soil-water-monitor-3,6.78,5.14,110.1,Safe
soil-water-monitor-1,7.17,1.04,355.9,Safe
soil-water-monitor-2,7.02,7.31,490.5,Moderate
soil-water-monitor-2,7.63,9.7,609.4,Moderate
soil-water-monitor-2,7.56,10.26,1169.1,Unsafe
soil-water-monitor-1,5.42,14.82,1258.9,Critical
soil-water-monitor-1,7.38,4.27,199.5,Safe
soil-water-monitor-3,7.32,1.9,226.8,Safe
soil-water-monitor-1,7.92,3.05,315.4,Safe
soil-water-monitor-3,6.92,5.79,793.4,Moderate
soil-water-monitor-3,6.81,7.52,795.8,Moderate
soil-water-monitor-1,5.79,18.51,1739.1,Critical
soil-water-monitor-2,6.82,7.09,600.4,Moderate
soil-water-monitor-3,8.19,3.29,230.1,Safe
soil-water-monitor-2,6.74,11.49,1513.1,Unsafe
soil-water-monitor-1,4.32,77.63,2044.3,Critical
soil-water-monitor-2,7.69,45.99,3062.3,Unsafe
soil-water-monitor-3,6.6,1.12,288.7,Safe
soil-water-monitor-3,6.91,3.58,289.3,Safe
soil-water-monitor-2,6.57,5.35,682.3,Moderate
soil-water-monitor-3,4.18,15.57,1178.5,Critical
soil-water-monitor-3,6.62,20.09,1140.4,Unsafe
soil-water-monitor-1,3.99,28.84,1688.3,Critical
soil-water-monitor-3,7.58,8.79,536.0,Moderate
soil-water-monitor-1,8.0,3.77,228.8,Safe
soil-water-monitor-1,7.11,1.33,283.0,Safe
soil-water-monitor-1,7.71,2.57,251.2,Safe
soil-water-monitor-2,6.63,9.12,558.8,Moderate
soil-water-monitor-2,5.99,8.63,812.8,Unsafe
soil-water-monitor-2,5.91,25.43,1178.7,Unsafe
soil-water-monitor-2,8.0,3.1,310.0,Safe
soil-water-monitor-3,3.95,16.46,1150.2,Critical
soil-water-monitor-1,6.95,2.65,352.2,Safe
soil-water-monitor-2,6.17,25.23,983.0,Unsafe
soil-water-monitor-1,7.05,4.18,282.9,Safe
soil-water-monitor-1,7.35,1.15,216.5,Safe
soil-water-monitor-3,6.14,6.51,843.9,Moderate
soil-water-monitor-3,7.37,1.98,362.7,Safe
soil-water-monitor-3,5.94,47.28,1831.0,Unsafe
soil-water-monitor-3,5.99,13.22,406.0,Moderate
soil-water-monitor-2,6.91,5.87,233.2,Safe
soil-water-monitor-2,5.81,28.88,2161.0,Critical
soil-water-monitor-2,5.6,17.2,799.5,Unsafe
soil-water-monitor-2,5.69,21.55,1554.8,Unsafe
soil-water-monitor-3,6.02,19.57,1083.7,Unsafe
soil-water-monitor-2,7.13,6.54,614.6,Moderate
soil-water-monitor-2,7.72,2.41,274.0,Safe
soil-water-monitor-1,7.27,12.51,315.3,Moderate
soil-water-monitor-2,6.5,5.43,628.4,Moderate
soil-water-monitor-3,4.92,15.65,1393.4,Critical
soil-water-monitor-3,6.16,6.02,375.7,Safe
soil-water-monitor-2,7.1,19.4,942.1,Moderate
soil-water-monitor-2,6.51,5.22,798.5,Moderate
soil-water-monitor-2,6.39,5.78,548.3,Moderate
soil-water-monitor-1,7.44,0.0,203.9,Safe
soil-water-monitor-3,6.75,4.42,691.4,Safe
soil-water-monitor-3,7.28,7.26,702.6,Moderate
soil-water-monitor-3,5.5,16.17,1140.1,Critical
soil-water-monitor-2,6.94,8.1,708.8,Moderate
soil-water-monitor-1,7.09,5.47,1008.8,Moderate
soil-water-monitor-2,6.29,24.73,1332.8,Unsafe
soil-water-monitor-1,4.08,71.11,2081.9,Critical
soil-water-monitor-3,5.56,15.12,1062.5,Unsafe
soil-water-monitor-2,8.02,1.59,340.6,Safe
soil-water-monitor-2,7.23,2.85,193.4,Safe
soil-water-monitor-1,6.79,10.07,562.2,Moderate
soil-water-monitor-1,6.14,5.09,692.2,Moderate
soil-water-monitor-2,7.14,0.4,345.6,Safe
soil-water-monitor-3,,1.65,126.2,Safe
soil-water-monitor-3,6.89,33.15,1504.3,Unsafe
soil-water-monitor-2,6.99,0.0,350.6,Safe
soil-water-monitor-2,6.49,1.64,227.6,Safe
soil-water-monitor-3,7.04,1.96,286.4,Safe
soil-water-monitor-2,7.29,16.36,2107.1,Unsafe
soil-water-monitor-2,6.99,2.16,188.1,Safe
soil-water-monitor-3,4.7,33.26,930.9,Unsafe
soil-water-monitor-1,7.47,0.0,232.5,Safe
soil-water-monitor-3,6.53,1.2,163.7,Safe
soil-water-monitor-2,7.23,1.5,389.8,Safe
soil-water-monitor-1,7.12,5.96,705.9,Moderate
soil-water-monitor-2,8.05,1.45,100.2,Safe
soil-water-monitor-1,7.06,1.9,243.5,Safe
soil-water-monitor-3,7.53,4.35,466.7,Safe
soil-water-monitor-1,6.82,1.76,321.2,Safe
soil-water-monitor-2,6.47,7.33,706.6,Moderate
soil-water-monitor-2,6.56,8.31,690.0,Moderate
soil-water-monitor-2,6.2,23.15,836.6,Unsafe
soil-water-monitor-1,6.16,8.49,1981.1,Unsafe
soil-water-monitor-2,7.55,0.18,182.0,Safe
soil-water-monitor-3,6.82,5.8,878.2,Moderate
soil-water-monitor-2,7.01,7.68,942.0,Moderate
soil-water-monitor-3,7.0,0.0,246.5,Safe
soil-water-monitor-1,7.87,0.0,181.7,Safe
soil-water-monitor-2,6.82,5.14,206.5,Safe
soil-water-monitor-1,6.1,4.85,507.8,Moderate
soil-water-monitor-2,7.52,2.57,421.6,Safe
soil-water-monitor-2,5.8,22.84,1180.0,Unsafe
soil-water-monitor-2,7.62,0.32,396.3,Safe
soil-water-monitor-1,7.45,2.3,222.2,Safe
soil-water-monitor-3,7.25,0.89,254.4,Safe
soil-water-monitor-3,6.05,4.47,1063.9,Unsafe
soil-water-monitor-3,6.7,1.1,237.9,Safe
soil-water-monitor-1,6.09,10.79,674.1,Moderate
soil-water-monitor-1,5.4,10.15,770.3,Unsafe
soil-water-monitor-2,7.23,5.21,804.3,Moderate
soil-water-monitor-1,6.95,4.72,447.5,Safe
soil-water-monitor-1,3.95,72.06,2560.0,Critical
soil-water-monitor-3,6.12,24.84,1763.3,Unsafe
soil-water-monitor-2,6.62,3.51,333.1,Safe
soil-water-monitor-3,6.94,0.59,282.8,Safe
soil-water-monitor-3,5.26,4.25,519.3,Unsafe
soil-water-monitor-1,6.62,5.56,693.9,Moderate
soil-water-monitor-3,6.61,7.78,651.0,Moderate
soil-water-monitor-3,5.92,20.68,1316.2,Unsafe
soil-water-monitor-3,7.2,2.29,505.6,Safe
soil-water-monitor-2,4.95,32.81,1357.6,Critical
soil-water-monitor-3,5.93,22.03,890.4,Unsafe
soil-water-monitor-2,6.76,19.88,2154.3,Unsafe
soil-water-monitor-3,6.32,4.83,517.4,Moderate
soil-water-monitor-1,7.68,3.3,322.8,Safe
soil-water-monitor-3,,66.48,3252.5,Critical
soil-water-monitor-3,7.74,0.0,175.3,Safe
soil-water-monitor-3,6.66,1.64,246.2,Safe
soil-water-monitor-1,7.34,3.03,421.7,Safe
soil-water-monitor-2,7.03,8.09,604.3,Moderate
soil-water-monitor-3,7.44,3.75,298.3,Safe
soil-water-monitor-3,6.04,22.0,1302.9,Unsafe
soil-water-monitor-1,3.84,49.44,2778.4,Critical
soil-water-monitor-2,6.71,8.89,336.9,Safe
soil-water-monitor-3,3.97,86.19,2233.4,Critical
soil-water-monitor-1,5.81,11.0,671.8,Unsafe
soil-water-monitor-2,6.62,1.28,278.3,Safe
soil-water-monitor-1,7.21,0.4,313.7,Safe
soil-water-monitor-2,1.93,103.91,2100.6,Critical
soil-water-monitor-3,7.47,0.78,255.8,Safe
soil-water-monitor-1,6.34,5.67,857.8,Moderate
soil-water-monitor-1,6.76,9.66,585.2,Moderate
soil-water-monitor-2,6.82,1.41,338.9,Safe
soil-water-monitor-1,7.94,4.34,168.8,Safe
soil-water-monitor-2,,1.51,294.7,Safe
soil-water-monitor-1,6.43,2.45,751.7,Moderate
soil-water-monitor-1,6.75,32.6,1703.5,Unsafe
soil-water-monitor-2,7.85,3.15,177.7,Safe
soil-water-monitor-3,5.67,10.29,578.7,Unsafe
soil-water-monitor-3,6.47,2.44,611.7,Moderate
soil-water-monitor-3,6.62,7.83,558.3,Moderate
soil-water-monitor-2,7.2,6.28,547.5,Moderate
soil-water-monitor-3,7.25,3.46,594.7,Safe
soil-water-monitor-3,7.18,0.0,168.3,Safe
soil-water-monitor-1,7.37,7.72,778.0,Moderate
soil-water-monitor-2,,26.72,1493.7,Unsafe
soil-water-monitor-2,7.25,21.29,1395.7,Unsafe
soil-water-monitor-2,5.54,12.03,756.7,Unsafe
soil-water-monitor-3,5.09,15.21,1440.5,Critical
soil-water-monitor-2,6.8,2.56,139.0,Safe
soil-water-monitor-3,8.12,4.42,360.0,Safe
soil-water-monitor-3,5.77,27.35,1511.8,Unsafe
soil-water-monitor-3,7.35,1.28,207.6,Safe
soil-water-monitor-1,7.15,5.33,448.4,Safe
soil-water-monitor-1,6.68,10.04,610.2,Moderate
soil-water-monitor-2,6.27,5.83,447.8,Moderate
soil-water-monitor-2,7.23,4.74,552.2,Safe
soil-water-monitor-3,7.39,0.32,492.1,Safe
soil-water-monitor-1,4.98,24.61,1122.5,Critical
soil-water-monitor-3,6.25,2.88,438.2,Safe
soil-water-monitor-1,6.17,4.35,545.1,Moderate
soil-water-monitor-2,7.62,3.0,173.2,Safe
soil-water-monitor-3,7.6,3.92,662.1,Moderate
soil-water-monitor-2,6.7,9.98,366.9,Safe
soil-water-monitor-2,7.79,1.74,315.6,Safe
soil-water-monitor-2,3.98,24.94,1761.0,Critical
soil-water-monitor-3,7.44,2.32,250.2,Safe
soil-water-monitor-2,7.21,1.91,408.9,Safe
soil-water-monitor-2,6.76,5.26,582.6,Moderate
soil-water-monitor-3,7.38,0.0,131.6,Safe
soil-water-monitor-3,5.4,24.11,2038.7,Critical
soil-water-monitor-1,6.92,1.84,375.7,Safe
soil-water-monitor-3,7.29,3.22,443.9,Safe
soil-water-monitor-3,6.65,3.48,467.8,Safe
soil-water-monitor-2,6.54,28.9,1043.3,Unsafe
soil-water-monitor-2,7.57,1.74,447.0,Safe
soil-water-monitor-3,7.35,2.05,308.3,Safe
soil-water-monitor-1,6.13,14.22,653.6,Unsafe
soil-water-monitor-3,7.01,13.03,1187.9,Unsafe
soil-water-monitor-1,6.94,1.73,313.2,Safe
soil-water-monitor-3,6.67,6.97,559.6,Moderate
soil-water-monitor-3,7.96,3.63,306.5,Safe
soil-water-monitor-1,7.77,0.6,303.3,Safe
soil-water-monitor-3,6.72,8.11,711.0,Moderate
soil-water-monitor-2,6.97,4.51,700.3,Moderate
soil-water-monitor-2,7.22,2.95,176.7,Safe
soil-water-monitor-2,6.98,37.09,1508.8,Unsafe
soil-water-monitor-2,5.31,73.53,2830.4,Critical
soil-water-monitor-3,7.07,0.07,170.3,Safe
soil-water-monitor-1,6.23,5.99,668.2,Moderate
soil-water-monitor-1,8.25,1.78,303.1,Safe
soil-water-monitor-2,7.14,14.29,601.0,Moderate
soil-water-monitor-1,5.36,21.79,1557.8,Unsafe
soil-water-monitor-3,5.58,34.06,1740.7,Unsafe
soil-water-monitor-2,6.67,6.58,621.0,Moderate
soil-water-monitor-2,4.93,40.19,1629.2,Critical
soil-water-monitor-1,7.12,4.73,302.9,Safe
soil-water-monitor-1,,67.94,3663.0,Critical
soil-water-monitor-2,5.45,26.01,1551.0,Critical
soil-water-monitor-1,4.73,16.03,1386.9,Critical
soil-water-monitor-2,7.62,4.95,369.4,Safe
soil-water-monitor-1,7.72,2.05,317.9,Safe
soil-water-monitor-2,7.0,1.53,256.1,Safe
soil-water-monitor-3,6.85,4.97,381.0,Safe
soil-water-monitor-3,7.05,1.71,204.0,Safe
soil-water-monitor-3,4.98,32.58,1205.9,Critical
soil-water-monitor-3,7.3,0.0,235.5,Safe
soil-water-monitor-1,5.57,40.38,2703.1,Critical
soil-water-monitor-1,6.78,4.92,648.2,Safe
soil-water-monitor-3,6.15,2.56,563.8,Moderate
soil-water-monitor-2,6.81,8.42,659.1,Moderate
soil-water-monitor-2,6.76,0.98,130.5,Safe
soil-water-monitor-1,7.64,1.37,261.7,Safe
soil-water-monitor-3,4.59,31.09,930.3,Unsafe
soil-water-monitor-2,,0.68,204.0,Safe
soil-water-monitor-1,6.36,5.91,953.6,Moderate
soil-water-monitor-1,7.51,4.01,757.2,Safe
soil-water-monitor-1,6.15,6.65,686.8,Moderate
soil-water-monitor-2,6.95,27.98,1551.5,Unsafe
soil-water-monitor-2,5.08,19.84,1629.2,Critical
soil-water-monitor-2,8.29,0.81,220.2,Safe
soil-water-monitor-2,7.0,1.38,155.4,Safe
soil-water-monitor-2,8.21,0.46,188.5,Safe
soil-water-monitor-1,6.57,2.04,108.1,Safe
soil-water-monitor-1,6.12,24.84,1307.8,Unsafe
soil-water-monitor-2,6.22,5.62,624.0,Moderate
soil-water-monitor-1,6.72,1.45,193.3,Safe
soil-water-monitor-3,7.32,9.0,485.8,Safe
soil-water-monitor-2,7.62,7.68,730.4,Moderate
soil-water-monitor-3,6.75,1.39,215.5,Safe
soil-water-monitor-3,6.66,1.84,275.6,Safe
soil-water-monitor-1,4.4,32.18,677.7,Unsafe
soil-water-monitor-2,6.4,9.93,528.2,Moderate
soil-water-monitor-1,7.82,2.35,259.2,Safe
soil-water-monitor-1,5.82,15.76,1230.8,Unsafe
soil-water-monitor-2,6.08,4.96,930.7,Moderate
soil-water-monitor-1,6.92,3.6,319.8,Safe
soil-water-monitor-2,7.19,20.68,1541.1,Unsafe
soil-water-monitor-2,6.83,9.55,827.1,Moderate
soil-water-monitor-3,7.06,4.26,438.0,Safe
soil-water-monitor-3,7.05,8.61,511.1,Moderate
soil-water-monitor-1,6.64,8.32,416.4,Safe
soil-water-monitor-2,5.91,41.95,1201.7,Unsafe
soil-water-monitor-2,6.24,39.57,1034.7,Unsafe
soil-water-monitor-1,5.64,10.13,1676.7,Unsafe
soil-water-monitor-2,5.21,26.96,1315.8,Critical
soil-water-monitor-2,6.61,6.79,753.1,Moderate
soil-water-monitor-2,6.97,9.46,1065.6,Unsafe
soil-water-monitor-3,7.71,2.29,313.8,Safe
soil-water-monitor-3,7.73,1.46,297.6,Safe
soil-water-monitor-3,7.29,2.45,219.3,Safe
soil-water-monitor-3,7.27,1.83,303.0,Safe
soil-water-monitor-3,7.0,2.97,315.4,Safe
soil-water-monitor-3,7.69,0.72,175.9,Safe
soil-water-monitor-1,5.76,9.52,765.3,Unsafe
soil-water-monitor-3,7.42,1.13,209.8,Safe
soil-water-monitor-2,7.03,2.03,528.0,Safe
soil-water-monitor-2,6.11,27.54,1223.2,Unsafe
soil-water-monitor-2,6.76,16.8,1490.7,Unsafe
soil-water-monitor-3,6.71,7.29,671.8,Moderate
soil-water-monitor-2,5.36,25.0,1631.9,Unsafe
soil-water-monitor-2,7.54,3.48,650.2,Safe
soil-water-monitor-3,6.24,11.68,303.2,Moderate
soil-water-monitor-3,7.14,2.88,213.6,Safe
soil-water-monitor-3,7.54,0.65,336.9,Safe
soil-water-monitor-1,6.87,7.71,654.3,Moderate
soil-water-monitor-2,4.74,72.71,2587.7,Critical
soil-water-monitor-2,6.98,0.92,202.4,Safe
soil-water-monitor-1,7.54,4.14,302.6,Safe
soil-water-monitor-3,4.51,82.7,2758.0,Critical
soil-water-monitor-3,4.32,54.07,3778.6,Critical
soil-water-monitor-1,4.78,17.54,1029.3,Critical
soil-water-monitor-3,6.79,5.39,625.4,Safe
soil-water-monitor-3,5.46,15.75,1746.8,Critical
soil-water-monitor-2,7.12,2.05,183.0,Safe
soil-water-monitor-1,6.49,10.04,620.0,Moderate
soil-water-monitor-1,7.33,4.67,250.1,Safe
soil-water-monitor-2,7.29,10.31,1516.1,Unsafe
soil-water-monitor-1,7.51,3.76,349.0,Safe
soil-water-monitor-2,7.38,1.46,374.4,Safe
soil-water-monitor-3,7.48,2.14,305.2,Safe
soil-water-monitor-1,7.3,10.76,885.7,Moderate
soil-water-monitor-3,6.17,5.04,548.3,Moderate
soil-water-monitor-3,7.21,4.15,319.9,Safe
soil-water-monitor-2,6.59,3.55,629.1,Safe
soil-water-monitor-2,4.24,13.31,2650.5,Critical
soil-water-monitor-2,6.7,1.48,250.3,Safe
soil-water-monitor-1,7.53,1.28,266.5,Safe
soil-water-monitor-2,6.32,3.23,675.0,Moderate
soil-water-monitor-2,6.23,5.25,519.4,Moderate
soil-water-monitor-2,7.45,7.48,768.4,Moderate
soil-water-monitor-3,3.44,28.18,1140.3,Critical
soil-water-monitor-1,7.22,8.75,542.5,Moderate
soil-water-monitor-3,6.44,59.87,2490.5,Critical
soil-water-monitor-1,7.37,0.0,209.1,Safe
soil-water-monitor-1,,3.0,350.8,Safe
soil-water-monitor-2,6.87,7.65,412.0,Safe
soil-water-monitor-1,6.67,6.53,558.5,Moderate
soil-water-monitor-1,8.65,0.86,397.7,Safe
soil-water-monitor-1,6.48,7.38,750.2,Moderate
soil-water-monitor-2,7.15,62.12,994.0,Unsafe
soil-water-monitor-3,6.59,4.2,196.5,Safe
soil-water-monitor-2,7.18,0.3,208.9,Safe
soil-water-monitor-2,7.31,24.15,1327.1,Unsafe
soil-water-monitor-1,5.88,3.65,591.4,Moderate
soil-water-monitor-2,5.94,39.28,899.4,Unsafe
soil-water-monitor-2,4.05,13.03,1512.9,Critical
soil-water-monitor-1,6.51,7.27,472.1,Moderate
soil-water-monitor-3,6.95,3.0,286.9,Safe
soil-water-monitor-3,6.23,5.25,421.1,Moderate
soil-water-monitor-3,7.15,33.99,2087.7,Unsafe
soil-water-monitor-3,5.42,20.08,898.8,Unsafe
soil-water-monitor-2,4.92,7.99,1947.2,Critical
soil-water-monitor-2,4.79,33.72,1092.1,Critical
soil-water-monitor-2,5.66,3.65,549.9,Moderate
soil-water-monitor-2,6.35,44.06,1551.2,Unsafe
soil-water-monitor-2,7.28,2.19,182.5,Safe
soil-water-monitor-2,6.18,4.47,555.0,Moderate
soil-water-monitor-3,7.43,4.65,308.0,Safe
soil-water-monitor-1,6.74,1.9,147.2,Safe
soil-water-monitor-2,7.02,9.94,496.1,Moderate
soil-water-monitor-1,4.12,91.68,1846.7,Critical
soil-water-monitor-1,8.17,1.26,251.7,Safe
soil-water-monitor-3,7.39,1.41,323.7,Safe
soil-water-monitor-2,6.47,7.29,637.3,Moderate
soil-water-monitor-1,7.34,3.79,227.1,Safe
soil-water-monitor-2,6.47,13.56,1758.6,Unsafe
soil-water-monitor-2,5.07,30.59,968.5,Unsafe
soil-water-monitor-1,7.53,1.15,160.4,Safe
soil-water-monitor-1,7.04,3.74,324.7,Safe
soil-water-monitor-1,,2.45,227.4,Safe
soil-water-monitor-3,7.77,3.08,430.7,Safe
soil-water-monitor-3,7.54,0.0,370.1,Safe
soil-water-monitor-2,7.13,0.96,300.8,Safe
soil-water-monitor-3,6.53,3.33,274.6,Safe
soil-water-monitor-1,7.1,6.28,952.5,Moderate
soil-water-monitor-1,6.85,0.85,328.6,Safe
soil-water-monitor-3,6.42,2.89,754.8,Safe
soil-water-monitor-1,,8.07,302.6,Safe
soil-water-monitor-2,6.62,6.23,757.5,Moderate
soil-water-monitor-1,5.63,4.9,340.5,Moderate
soil-water-monitor-2,5.76,30.51,1686.6,Critical
soil-water-monitor-2,6.21,4.67,513.6,Safe
soil-water-monitor-2,5.19,70.22,1428.4,Critical
soil-water-monitor-3,6.8,1.03,276.7,Safe
soil-water-monitor-2,5.23,36.2,1600.3,Critical
soil-water-monitor-2,6.29,22.79,1593.3,Unsafe
soil-water-monitor-1,6.89,6.87,746.7,Moderate
soil-water-monitor-1,7.4,0.05,353.8,Safe
soil-water-monitor-1,3.89,55.61,2132.3,Critical
soil-water-monitor-3,6.38,15.93,1389.5,Unsafe
soil-water-monitor-3,7.23,6.41,762.4,Safe
soil-water-monitor-1,7.6,4.6,414.1,Safe
soil-water-monitor-1,5.38,19.49,1245.1,Critical
soil-water-monitor-1,6.8,2.65,346.4,Safe
soil-water-monitor-2,5.73,8.86,688.1,Unsafe
soil-water-monitor-2,7.53,4.48,191.9,Safe
soil-water-monitor-2,7.8,1.82,455.5,Safe
soil-water-monitor-3,6.8,5.31,835.4,Safe
soil-water-monitor-1,7.14,2.53,177.0,Safe
soil-water-monitor-2,7.07,1.59,212.6,Safe
soil-water-monitor-2,7.47,0.33,196.2,Safe
soil-water-monitor-3,6.28,9.74,697.8,Moderate
soil-water-monitor-1,6.86,3.69,528.5,Safe
soil-water-monitor-2,7.38,3.98,203.4,Safe
soil-water-monitor-2,5.86,3.39,513.5,Moderate
soil-water-monitor-2,6.93,6.81,645.3,Moderate
soil-water-monitor-1,7.17,5.04,290.9,Safe
soil-water-monitor-3,5.94,60.63,2826.9,Critical
soil-water-monitor-1,6.93,1.05,248.0,Safe
soil-water-monitor-1,6.41,31.71,1371.6,Unsafe
soil-water-monitor-2,4.18,93.72,2146.1,Critical
soil-water-monitor-3,5.65,8.68,520.3,Unsafe
soil-water-monitor-1,5.85,20.97,1021.6,Unsafe
soil-water-monitor-3,6.37,21.19,1681.1,Unsafe
soil-water-monitor-1,7.09,2.31,222.5,Safe
soil-water-monitor-2,7.58,0.0,332.9,Safe
soil-water-monitor-2,7.41,2.4,240.1,Safe
soil-water-monitor-2,6.85,0.43,316.0,Safe
soil-water-monitor-3,6.18,8.27,380.9,Moderate
soil-water-monitor-3,7.55,0.41,384.1,Safe
soil-water-monitor-3,6.65,7.34,814.5,Moderate
soil-water-monitor-2,7.05,0.16,239.4,Safe
soil-water-monitor-3,8.04,1.18,224.1,Safe
soil-water-monitor-2,7.14,9.19,567.5,Moderate
soil-water-monitor-2,6.57,0.39,441.8,Safe
soil-water-monitor-3,5.83,16.84,1142.5,Unsafe
soil-water-monitor-2,8.1,5.71,174.4,Safe
soil-water-monitor-1,7.56,1.27,368.4,Safe
soil-water-monitor-1,8.13,22.53,1515.8,Unsafe
soil-water-monitor-2,7.15,0.86,251.7,Safe
soil-water-monitor-2,7.88,0.34,222.6,Safe
soil-water-monitor-2,7.84,0.85,441.7,Safe
soil-water-monitor-2,6.21,13.8,563.9,Unsafe
soil-water-monitor-2,7.35,1.91,193.5,Safe
soil-water-monitor-3,6.07,26.43,1533.3,Unsafe
soil-water-monitor-2,6.36,5.9,496.7,Moderate
soil-water-monitor-2,4.68,11.67,1722.6,Critical
soil-water-monitor-2,6.51,6.34,783.6,Moderate
soil-water-monitor-1,5.79,11.14,2507.1,Critical
soil-water-monitor-3,6.72,3.52,822.6,Safe
soil-water-monitor-2,7.25,0.0,213.9,Safe
soil-water-monitor-2,7.19,1.87,222.9,Safe
soil-water-monitor-3,6.22,11.89,743.0,Moderate
soil-water-monitor-3,7.03,0.65,281.4,Safe
soil-water-monitor-2,4.54,26.3,941.1,Unsafe
soil-water-monitor-3,4.4,99.76,2310.8,Critical
soil-water-monitor-1,7.14,3.04,85.4,Safe
soil-water-monitor-2,7.81,0.56,314.1,Safe
soil-water-monitor-1,6.64,0.0,312.5,Safe
soil-water-monitor-1,6.04,31.91,1739.7,Unsafe
soil-water-monitor-2,7.24,0.0,144.9,Safe
soil-water-monitor-2,8.02,3.26,254.9,Safe
soil-water-monitor-1,7.14,2.25,387.2,Safe
soil-water-monitor-3,,0.08,287.4,Safe
soil-water-monitor-3,2.81,72.3,1725.8,Critical
soil-water-monitor-3,7.69,2.54,255.9,Safe
soil-water-monitor-3,7.36,9.24,807.0,Moderate
soil-water-monitor-2,7.15,2.83,245.5,Safe
soil-water-monitor-3,5.91,93.28,2034.1,Critical
soil-water-monitor-2,6.67,2.17,610.6,Safe
soil-water-monitor-2,8.13,4.51,321.3,Safe
soil-water-monitor-1,7.36,1.86,501.0,Safe
soil-water-monitor-3,6.72,0.85,382.2,Safe
soil-water-monitor-2,7.96,2.24,492.6,Safe
soil-water-monitor-1,6.43,9.74,1186.0,Unsafe
soil-water-monitor-1,6.61,6.22,683.5,Moderate
soil-water-monitor-3,6.69,4.67,1023.6,Moderate
soil-water-monitor-3,6.57,2.44,204.2,Safe
soil-water-monitor-3,6.74,24.59,1634.4,Unsafe
soil-water-monitor-3,6.24,18.9,1330.5,Unsafe
soil-water-monitor-2,7.18,3.38,440.8,Safe
soil-water-monitor-3,6.83,1.75,183.1,Safe
soil-water-monitor-3,6.34,1.54,331.3,Safe
soil-water-monitor-2,7.95,1.21,153.1,Safe
soil-water-monitor-2,6.7,6.6,756.5,Moderate
soil-water-monitor-3,6.14,12.37,653.5,Unsafe
soil-water-monitor-3,7.07,2.9,275.5,Safe
soil-water-monitor-2,7.84,1.22,434.1,Safe
soil-water-monitor-1,6.59,4.55,201.8,Safe
soil-water-monitor-1,6.45,14.89,824.8,Moderate
soil-water-monitor-2,4.75,34.48,1729.3,Critical
soil-water-monitor-1,5.99,6.57,567.5,Moderate
soil-water-monitor-1,7.39,1.54,349.3,Safe
soil-water-monitor-3,7.68,0.22,207.0,Safe
soil-water-monitor-1,7.64,0.12,258.5,Safe
soil-water-monitor-2,6.25,22.28,1475.7,Unsafe
soil-water-monitor-2,6.89,10.31,404.5,Safe
soil-water-monitor-3,4.94,83.43,2617.9,Critical
soil-water-monitor-3,7.04,1.74,270.2,Safe
soil-water-monitor-2,6.42,19.59,1010.5,Unsafe
soil-water-monitor-2,6.69,10.66,463.3,Safe
soil-water-monitor-2,4.55,57.19,3541.6,Critical
soil-water-monitor-1,7.47,1.79,347.2,Safe
soil-water-monitor-2,7.23,2.6,365.5,Safe
soil-water-monitor-1,7.07,0.0,370.0,Safe
soil-water-monitor-2,7.68,0.37,447.6,Safe
soil-water-monitor-2,7.51,1.63,294.5,Safe
soil-water-monitor-1,4.51,21.13,1388.5,Critical
soil-water-monitor-3,5.73,12.28,1213.1,Unsafe
soil-water-monitor-3,7.41,2.68,305.6,Safe
soil-water-monitor-2,6.96,3.8,283.1,Safe
soil-water-monitor-1,7.31,3.15,942.9,Safe
soil-water-monitor-1,3.17,77.27,2068.0,Critical
soil-water-monitor-2,7.39,2.66,312.1,Safe
soil-water-monitor-3,7.31,2.79,227.3,Safe
soil-water-monitor-1,6.56,7.04,648.5,Moderate
soil-water-monitor-1,7.1,3.37,288.7,Safe
soil-water-monitor-2,6.83,11.92,798.8,Moderate
soil-water-monitor-3,7.48,2.38,651.5,Safe
soil-water-monitor-3,6.48,7.56,562.8,Moderate
soil-water-monitor-2,4.93,10.3,1008.4,Critical
soil-water-monitor-3,6.94,0.56,254.1,Safe
soil-water-monitor-1,6.57,11.89,616.5,Moderate
soil-water-monitor-1,6.28,10.12,463.7,Moderate
soil-water-monitor-3,7.21,5.16,686.4,Moderate
soil-water-monitor-3,4.52,17.39,844.7,Unsafe
soil-water-monitor-2,7.46,3.5,350.7,Safe
soil-water-monitor-3,6.89,7.72,821.5,Moderate
soil-water-monitor-2,6.87,4.7,622.9,Safe
soil-water-monitor-1,7.05,3.57,187.6,Safe
soil-water-monitor-1,,3.83,280.7,Safe
soil-water-monitor-1,7.15,17.42,1603.7,Unsafe
soil-water-monitor-3,6.81,4.2,182.7,Safe
soil-water-monitor-2,7.56,0.14,176.9,Safe
soil-water-monitor-1,6.27,0.86,437.6,Safe
soil-water-monitor-3,4.84,31.75,1680.3,Critical
soil-water-monitor-1,6.12,7.0,608.6,Moderate
soil-water-monitor-2,6.18,7.54,669.7,Moderate
soil-water-monitor-1,6.72,9.53,595.3,Moderate
soil-water-monitor-1,6.07,50.58,1100.8,Unsafe
soil-water-monitor-3,7.65,3.0,264.2,Safe
soil-water-monitor-2,6.14,6.06,882.3,Moderate
soil-water-monitor-3,,0.53,116.0,Safe
soil-water-monitor-3,6.78,14.67,595.6,Moderate
soil-water-monitor-1,6.55,5.05,376.8,Moderate
soil-water-monitor-3,7.13,1.62,153.6,Safe
soil-water-monitor-2,7.64,2.46,333.4,Safe
soil-water-monitor-2,7.94,1.23,248.7,Safe
soil-water-monitor-3,6.02,6.18,703.4,Unsafe
soil-water-monitor-1,6.06,18.26,1149.8,Unsafe
soil-water-monitor-1,5.3,39.67,1383.5,Critical
soil-water-monitor-1,5.89,11.87,571.7,Moderate
soil-water-monitor-3,7.2,1.31,380.4,Safe
soil-water-monitor-2,6.59,9.12,688.6,Moderate
soil-water-monitor-2,7.4,0.28,375.5,Safe
soil-water-monitor-2,7.19,3.21,166.6,Safe
soil-water-monitor-3,8.24,0.0,219.7,Safe
soil-water-monitor-1,7.61,15.06,916.6,Moderate
soil-water-monitor-2,6.54,8.57,667.1,Moderate
soil-water-monitor-2,5.35,26.92,2178.3,Critical
soil-water-monitor-1,6.28,6.86,723.7,Moderate
soil-water-monitor-2,3.13,54.76,2090.1,Critical
soil-water-monitor-3,6.89,10.43,488.1,Moderate
soil-water-monitor-2,6.82,2.38,399.9,Safe
soil-water-monitor-1,5.64,32.92,1588.2,Unsafe
soil-water-monitor-1,7.02,0.0,183.5,Safe
soil-water-monitor-2,6.92,1.02,274.0,Safe
soil-water-monitor-3,6.73,7.62,757.9,Moderate
soil-water-monitor-1,7.28,0.0,426.2,Safe
soil-water-monitor-1,6.31,1.33,271.9,Safe
soil-water-monitor-3,6.99,5.47,259.7,Safe
soil-water-monitor-3,7.43,1.84,494.4,Safe
soil-water-monitor-1,6.89,1.94,345.2,Safe
soil-water-monitor-1,7.37,2.56,320.5,Safe
soil-water-monitor-3,6.82,3.79,268.0,Safe
soil-water-monitor-1,7.17,0.0,358.7,Safe
soil-water-monitor-1,5.4,8.17,1930.8,Unsafe
soil-water-monitor-2,7.76,2.7,213.2,Safe
soil-water-monitor-3,5.62,38.74,1253.3,Unsafe
soil-water-monitor-1,7.31,6.06,383.1,Safe
soil-water-monitor-1,7.14,4.99,169.2,Safe
soil-water-monitor-2,6.86,4.98,768.4,Moderate
soil-water-monitor-2,5.09,13.43,1997.0,Critical
soil-water-monitor-3,7.3,3.54,279.4,Safe
soil-water-monitor-3,7.86,4.11,238.3,Safe
soil-water-monitor-2,6.31,26.5,1202.7,Unsafe
soil-water-monitor-3,5.6,32.57,1991.3,Critical
soil-water-monitor-1,6.38,5.2,737.6,Moderate
soil-water-monitor-2,6.87,0.23,208.3,Safe
soil-water-monitor-1,7.92,1.56,214.8,Safe
soil-water-monitor-2,6.7,4.02,577.8,Safe
soil-water-monitor-1,6.92,9.04,511.8,Moderate
soil-water-monitor-2,8.22,0.56,327.9,Safe
soil-water-monitor-1,7.87,0.99,325.2,Safe
soil-water-monitor-2,7.03,4.11,347.8,Safe
soil-water-monitor-2,5.5,13.51,1294.6,Unsafe
soil-water-monitor-2,7.08,2.69,199.4,Safe
soil-water-monitor-2,2.77,73.99,2823.7,Critical
soil-water-monitor-3,6.65,3.9,150.8,Safe
soil-water-monitor-1,7.68,6.28,248.3,Safe
soil-water-monitor-2,7.78,0.24,502.3,Safe
soil-water-monitor-1,7.31,0.99,309.8,Safe
soil-water-monitor-2,7.08,2.97,181.1,Safe
soil-water-monitor-2,7.28,0.32,265.8,Safe
soil-water-monitor-2,7.02,0.79,229.7,Safe
soil-water-monitor-2,6.19,20.27,1458.3,Unsafe
soil-water-monitor-1,6.66,2.04,523.7,Safe
soil-water-monitor-1,6.8,9.79,649.2,Moderate
soil-water-monitor-2,6.16,28.42,1433.4,Unsafe
soil-water-monitor-2,6.46,10.1,730.8,Moderate
soil-water-monitor-3,7.0,4.4,399.4,Safe
soil-water-monitor-1,6.79,2.96,288.4,Safe
soil-water-monitor-1,5.73,19.14,1130.8,Unsafe
soil-water-monitor-3,7.07,0.0,373.6,Safe
soil-water-monitor-1,5.56,38.47,1172.8,Unsafe
soil-water-monitor-2,6.69,2.82,203.3,Safe
soil-water-monitor-1,,1.91,282.5,Safe
soil-water-monitor-3,7.78,4.1,481.8,Safe
soil-water-monitor-1,8.11,0.83,224.6,Safe
soil-water-monitor-2,7.96,0.93,257.6,Safe
soil-water-monitor-2,7.63,4.31,152.1,Safe
soil-water-monitor-1,6.42,2.73,140.8,Safe
soil-water-monitor-2,7.39,20.49,1208.0,Unsafe
soil-water-monitor-1,5.98,3.83,339.7,Moderate
soil-water-monitor-1,6.92,1.35,138.3,Safe
soil-water-monitor-1,6.31,1.24,255.8,Safe
soil-water-monitor-2,6.49,5.28,522.9,Moderate
soil-water-monitor-3,7.89,3.25,211.2,Safe
soil-water-monitor-3,6.62,5.55,285.3,Safe
soil-water-monitor-2,6.17,4.6,791.1,Moderate
soil-water-monitor-1,6.83,6.01,645.2,Moderate
soil-water-monitor-2,4.21,25.81,1375.9,Critical
soil-water-monitor-1,7.65,4.01,259.9,Safe
soil-water-monitor-3,7.73,1.39,265.0,Safe
soil-water-monitor-1,,26.58,2933.9,Critical
soil-water-monitor-2,7.37,3.0,277.2,Safe
soil-water-monitor-3,7.2,1.93,520.7,Safe
soil-water-monitor-2,6.86,0.0,200.6,Safe
soil-water-monitor-3,7.1,44.76,476.6,Moderate
soil-water-monitor-3,6.93,3.86,363.1,Safe
soil-water-monitor-3,6.16,28.94,3449.8,Unsafe
soil-water-monitor-2,6.82,4.27,585.1,Safe
soil-water-monitor-2,7.53,3.19,314.6,Safe
soil-water-monitor-2,7.28,1.5,333.6,Safe
soil-water-monitor-3,7.76,0.0,249.5,Safe
soil-water-monitor-2,7.75,0.51,386.1,Safe
soil-water-monitor-2,7.8,0.33,467.5,Safe
soil-water-monitor-1,7.02,7.0,579.0,Moderate
soil-water-monitor-2,,32.42,1051.2,Unsafe
soil-water-monitor-2,7.35,1.81,211.4,Safe
soil-water-monitor-2,6.93,2.79,213.6,Safe
soil-water-monitor-1,7.06,4.16,658.5,Safe
soil-water-monitor-2,6.19,32.8,977.7,Unsafe
soil-water-monitor-3,5.76,23.41,1518.6,Unsafe
soil-water-monitor-2,7.3,1.7,310.3,Safe
soil-water-monitor-3,7.04,1.02,295.0,Safe
soil-water-monitor-2,7.48,34.04,1616.6,Unsafe
soil-water-monitor-3,6.92,0.15,321.2,Safe
soil-water-monitor-2,7.54,9.01,659.1,Moderate
soil-water-monitor-2,7.56,0.36,222.3,Safe
soil-water-monitor-2,7.09,0.01,304.6,Safe
soil-water-monitor-3,6.31,4.42,859.5,Safe
soil-water-monitor-2,7.68,1.45,302.4,Safe
soil-water-monitor-1,7.54,4.54,168.5,Safe
soil-water-monitor-2,7.82,0.0,336.2,Safe
soil-water-monitor-1,,1.87,447.9,Safe
soil-water-monitor-1,7.26,1.33,480.7,Safe
soil-water-monitor-1,6.32,0.22,287.6,Safe
soil-water-monitor-2,7.51,4.9,192.6,Safe
soil-water-monitor-1,7.0,0.76,295.5,Safe
soil-water-monitor-3,6.94,2.97,365.5,Safe
soil-water-monitor-3,7.17,1.89,233.3,Safe
soil-water-monitor-1,7.6,1.58,278.4,Safe
soil-water-monitor-1,7.16,2.33,183.8,Safe
soil-water-monitor-1,7.36,3.48,273.7,Safe
soil-water-monitor-1,6.7,2.46,667.5,Safe
soil-water-monitor-1,6.77,11.4,908.0,Moderate
soil-water-monitor-2,7.08,3.91,429.7,Safe
soil-water-monitor-2,7.08,3.84,265.7,Safe
soil-water-monitor-2,7.71,2.12,227.4,Safe
soil-water-monitor-2,7.34,4.94,419.1,Safe
soil-water-monitor-3,7.5,0.0,256.8,Safe
soil-water-monitor-1,6.95,2.47,231.2,Safe
soil-water-monitor-2,6.12,5.03,543.0,Moderate
soil-water-monitor-3,6.79,4.54,202.5,Safe
soil-water-monitor-2,6.96,1.17,397.2,Safe
soil-water-monitor-1,7.61,2.6,418.2,Safe
soil-water-monitor-3,2.44,43.1,2430.3,Critical
soil-water-monitor-3,6.51,10.04,556.1,Moderate
soil-water-monitor-3,4.25,97.94,3394.3,Critical
soil-water-monitor-2,,3.31,352.0,Safe
soil-water-monitor-1,7.22,0.0,183.2,Safe
soil-water-monitor-3,6.83,17.53,1405.8,Unsafe
soil-water-monitor-2,6.29,2.41,774.3,Moderate
soil-water-monitor-2,6.79,3.74,190.3,Safe
soil-water-monitor-1,4.96,27.36,1915.7,Critical
soil-water-monitor-2,3.83,109.08,2061.2,Critical
soil-water-monitor-3,5.92,8.98,1033.6,Unsafe
soil-water-monitor-2,7.43,3.65,287.9,Safe
soil-water-monitor-2,,23.96,1358.9,Critical
soil-water-monitor-1,4.44,16.36,2997.9,Critical
soil-water-monitor-1,5.34,41.01,1171.9,Critical
soil-water-monitor-2,6.53,5.35,582.5,Moderate
soil-water-monitor-1,6.55,4.25,516.2,Moderate
soil-water-monitor-3,4.71,5.27,870.5,Unsafe
soil-water-monitor-3,3.77,37.72,3215.7,Critical
soil-water-monitor-1,5.01,3.19,796.3,Unsafe
soil-water-monitor-1,6.58,5.79,638.4,Safe
soil-water-monitor-3,7.34,7.49,735.0,Moderate
soil-water-monitor-1,4.47,62.88,2427.6,Critical
soil-water-monitor-3,7.67,2.83,516.3,Safe
soil-water-monitor-3,7.0,2.18,155.8,Safe
soil-water-monitor-2,7.58,4.82,422.4,Safe
soil-water-monitor-2,2.7,30.71,2397.9,Critical
soil-water-monitor-1,7.64,0.47,248.3,Safe
soil-water-monitor-1,6.41,4.82,652.4,Moderate
soil-water-monitor-3,7.29,1.49,259.0,Safe
soil-water-monitor-2,7.49,2.17,194.8,Safe
soil-water-monitor-1,5.28,19.26,1604.4,Unsafe
soil-water-monitor-1,6.86,1.02,359.2,Safe
soil-water-monitor-3,5.18,125.68,1537.9,Critical
soil-water-monitor-3,7.3,2.49,266.7,Safe
soil-water-monitor-3,7.06,7.81,492.5,Moderate
soil-water-monitor-3,,2.84,769.6,Moderate
soil-water-monitor-1,5.65,8.99,808.3,Unsafe
soil-water-monitor-2,7.95,2.74,227.7,Safe
soil-water-monitor-3,7.59,5.43,733.8,Safe
soil-water-monitor-2,7.08,4.46,262.8,Safe
soil-water-monitor-1,7.09,0.6,126.4,Safe
soil-water-monitor-2,7.57,3.57,283.8,Safe
soil-water-monitor-1,6.77,5.34,541.6,Moderate
soil-water-monitor-1,7.3,3.94,225.9,Safe
soil-water-monitor-3,6.26,20.09,1345.1,Unsafe
soil-water-monitor-1,7.42,4.85,308.1,Safe
soil-water-monitor-1,7.26,0.0,320.1,Safe
soil-water-monitor-2,6.9,1.22,283.0,Safe
soil-water-monitor-1,6.48,6.44,834.1,Moderate
soil-water-monitor-3,6.39,24.69,1232.0,Unsafe
soil-water-monitor-1,7.29,3.18,319.3,Safe
soil-water-monitor-1,5.66,19.22,1641.5,Unsafe
soil-water-monitor-3,6.7,6.88,830.7,Safe
soil-water-monitor-2,6.04,31.89,1359.3,Unsafe
soil-water-monitor-3,7.8,5.82,212.4,Safe
soil-water-monitor-1,6.11,7.95,539.7,Moderate
soil-water-monitor-3,5.78,24.56,1008.3,Unsafe
soil-water-monitor-1,,15.9,913.3,Unsafe
soil-water-monitor-3,6.72,10.03,880.0,Moderate
soil-water-monitor-2,8.29,0.45,273.3,Safe
soil-water-monitor-3,6.9,32.03,807.1,Moderate
soil-water-monitor-2,7.41,1.9,141.6,Safe
soil-water-monitor-2,7.26,1.29,323.2,Safe
soil-water-monitor-3,6.4,7.67,694.1,Moderate
soil-water-monitor-2,7.43,2.45,307.7,Safe
soil-water-monitor-3,6.82,2.48,215.5,Safe
soil-water-monitor-2,7.69,0.0,236.0,Safe
soil-water-monitor-3,7.47,2.29,219.1,Safe
soil-water-monitor-1,7.32,1.38,134.6,Safe
soil-water-monitor-1,7.57,4.02,299.7,Safe
soil-water-monitor-1,7.02,1.4,81.1,Safe
soil-water-monitor-2,7.76,4.22,224.7,Safe
soil-water-monitor-2,6.28,7.02,884.0,Moderate
soil-water-monitor-3,,3.76,214.2,Safe
soil-water-monitor-3,7.75,3.21,658.6,Safe
soil-water-monitor-1,6.28,10.18,721.7,Unsafe
soil-water-monitor-2,8.16,2.82,342.1,Safe
soil-water-monitor-3,6.48,13.59,703.8,Moderate
soil-water-monitor-3,6.07,4.58,204.8,Safe
soil-water-monitor-1,7.94,3.54,230.7,Safe
soil-water-monitor-3,6.83,10.07,721.4,Moderate
soil-water-monitor-2,6.77,1.63,303.1,Safe
soil-water-monitor-2,4.74,79.2,2740.9,Critical
soil-water-monitor-3,6.84,2.97,253.1,Safe
soil-water-monitor-3,6.73,0.92,292.1,Safe
soil-water-monitor-1,8.11,0.25,211.8,Safe
soil-water-monitor-1,5.52,20.37,1553.3,Unsafe
soil-water-monitor-1,,3.14,244.0,Safe
soil-water-monitor-1,6.89,8.34,569.1,Moderate
soil-water-monitor-1,7.26,2.79,334.3,Safe
soil-water-monitor-3,6.97,0.0,392.9,Safe
soil-water-monitor-1,7.01,0.0,234.6,Safe
soil-water-monitor-2,6.69,17.55,1060.7,Unsafe
soil-water-monitor-1,6.76,2.44,214.8,Safe
soil-water-monitor-1,6.02,3.72,672.8,Moderate
soil-water-monitor-3,5.82,33.63,859.5,Unsafe
soil-water-monitor-2,7.11,5.19,516.0,Safe
soil-water-monitor-1,4.87,23.42,1340.4,Critical
soil-water-monitor-1,7.94,0.18,342.4,Safe
soil-water-monitor-2,7.95,4.09,174.0,Safe
soil-water-monitor-3,7.6,1.04,168.5,Safe
soil-water-monitor-2,7.21,1.1,311.9,Safe
soil-water-monitor-2,7.31,0.59,398.3,Safe
soil-water-monitor-1,6.82,2.51,239.6,Safe
soil-water-monitor-3,6.84,3.41,240.7,Safe
soil-water-monitor-3,7.25,0.24,309.7,Safe
soil-water-monitor-2,6.85,6.06,543.8,Moderate
soil-water-monitor-2,7.8,2.85,299.9,Safe
soil-water-monitor-2,7.31,2.27,280.9,Safe
soil-water-monitor-3,6.2,6.89,579.4,Unsafe
soil-water-monitor-1,7.53,1.47,398.8,Safe
soil-water-monitor-1,6.2,26.74,1496.5,Unsafe
soil-water-monitor-2,5.98,10.31,485.0,Unsafe
soil-water-monitor-2,6.97,4.27,731.4,Safe
soil-water-monitor-2,6.38,6.16,567.4,Moderate
soil-water-monitor-1,5.72,7.04,504.0,Moderate
soil-water-monitor-1,7.67,2.79,147.2,Safe
soil-water-monitor-3,6.97,0.95,493.0,Safe
soil-water-monitor-1,6.72,30.16,1500.6,Unsafe
soil-water-monitor-2,7.52,1.32,256.0,Safe
soil-water-monitor-1,7.98,3.3,151.0,Safe
soil-water-monitor-2,7.22,0.0,263.0,Safe
soil-water-monitor-3,6.89,1.25,194.8,Safe
soil-water-monitor-1,,0.0,409.7,Safe
soil-water-monitor-3,8.13,2.14,277.6,Safe
soil-water-monitor-1,5.94,12.52,572.4,Unsafe
soil-water-monitor-2,6.73,5.8,515.3,Moderate
soil-water-monitor-2,6.56,35.82,2104.9,Unsafe
soil-water-monitor-2,7.52,5.62,547.8,Moderate
soil-water-monitor-3,6.29,11.19,1218.0,Unsafe
soil-water-monitor-2,6.63,2.65,252.9,Safe
soil-water-monitor-1,7.41,0.0,461.2,Safe
soil-water-monitor-1,7.75,2.92,231.8,Safe
soil-water-monitor-1,7.17,0.73,136.7,Safe
soil-water-monitor-1,7.4,6.6,269.4,Safe
soil-water-monitor-1,7.54,0.04,230.4,Safe
soil-water-monitor-3,7.05,3.18,569.6,Safe
soil-water-monitor-1,4.92,18.8,1326.7,Critical
soil-water-monitor-3,7.91,3.59,387.3,Safe
soil-water-monitor-3,7.37,1.8,147.6,Safe
soil-water-monitor-1,6.12,34.26,1455.2,Unsafe
soil-water-monitor-1,7.61,5.1,392.6,Safe
soil-water-monitor-3,7.23,3.91,115.2,Safe
soil-water-monitor-2,7.12,8.61,432.1,Safe
soil-water-monitor-3,7.7,2.63,202.5,Safe
soil-water-monitor-2,6.47,12.47,482.7,Safe
soil-water-monitor-3,7.24,0.0,169.2,Safe
soil-water-monitor-3,7.58,1.42,322.6,Safe
soil-water-monitor-1,6.03,26.48,1135.5,Unsafe
soil-water-monitor-2,7.55,3.92,332.2,Safe
soil-water-monitor-1,5.71,63.93,3189.8,Critical
soil-water-monitor-3,7.35,5.05,283.2,Safe
soil-water-monitor-1,6.71,11.56,833.0,Moderate
soil-water-monitor-3,5.61,12.2,1321.6,Unsafe
soil-water-monitor-2,5.27,10.75,964.8,Unsafe
soil-water-monitor-2,7.4,0.3,333.5,Safe
soil-water-monitor-3,5.98,6.21,912.6,Unsafe
soil-water-monitor-3,4.31,43.63,1786.5,Critical
soil-water-monitor-2,6.87,26.38,1207.3,Unsafe
soil-water-monitor-2,8.04,0.7,143.4,Safe
soil-water-monitor-2,6.32,5.3,1038.3,Moderate
soil-water-monitor-3,7.67,6.69,195.6,Safe
soil-water-monitor-1,7.32,0.39,533.2,Safe
soil-water-monitor-3,4.45,21.7,1746.8,Critical
soil-water-monitor-3,7.69,1.61,199.4,Safe
soil-water-monitor-3,6.36,10.28,382.9,Moderate
soil-water-monitor-3,6.26,12.03,603.1,Unsafe
soil-water-monitor-2,7.19,9.83,757.6,Moderate
soil-water-monitor-1,,2.34,414.8,Safe
soil-water-monitor-1,6.94,8.8,658.6,Moderate
soil-water-monitor-2,7.6,0.16,127.7,Safe
soil-water-monitor-1,7.66,3.93,280.6,Safe
soil-water-monitor-2,6.42,62.33,1830.4,Unsafe
soil-water-monitor-2,7.13,1.81,468.6,Safe
soil-water-monitor-1,7.14,2.45,248.6,Safe
soil-water-monitor-2,7.26,2.07,471.4,Safe
soil-water-monitor-3,6.03,27.56,1342.2,Unsafe
soil-water-monitor-2,6.99,6.49,829.0,Moderate
soil-water-monitor-2,5.45,10.18,1105.4,Unsafe
soil-water-monitor-2,7.68,0.87,237.1,Safe
soil-water-monitor-2,7.23,0.96,309.5,Safe
soil-water-monitor-2,8.21,0.0,238.1,Safe
soil-water-monitor-3,5.76,16.25,1371.1,Unsafe
soil-water-monitor-2,7.5,3.95,453.1,Safe
soil-water-monitor-1,7.92,2.89,387.2,Safe
soil-water-monitor-2,7.17,12.4,587.8,Moderate
soil-water-monitor-2,6.47,6.85,381.2,Moderate
soil-water-monitor-3,5.5,132.1,1866.7,Critical
soil-water-monitor-1,6.98,9.67,667.7,Moderate
soil-water-monitor-1,7.39,5.38,604.1,Safe
soil-water-monitor-2,6.98,28.71,1284.7,Unsafe
soil-water-monitor-1,7.17,2.3,165.8,Safe
soil-water-monitor-1,4.47,10.93,802.4,Unsafe
soil-water-monitor-3,6.39,5.9,700.3,Moderate
soil-water-monitor-1,7.33,2.07,320.4,Safe
soil-water-monitor-3,7.15,0.0,355.1,Safe
soil-water-monitor-2,6.67,5.45,737.9,Moderate
soil-water-monitor-2,7.01,2.78,302.3,Safe
soil-water-monitor-2,7.66,1.55,240.5,Safe
soil-water-monitor-2,7.39,1.12,341.9,Safe
soil-water-monitor-3,5.93,4.1,619.9,Unsafe
soil-water-monitor-3,7.53,0.3,220.6,Safe
soil-water-monitor-3,7.08,6.39,804.9,Moderate
soil-water-monitor-2,6.96,5.65,949.9,Moderate
soil-water-monitor-3,6.67,5.7,572.3,Moderate
soil-water-monitor-1,6.86,1.71,211.0,Safe
soil-water-monitor-1,7.18,1.79,47.2,Safe
soil-water-monitor-1,3.74,86.66,1804.9,Critical
soil-water-monitor-2,6.98,4.58,253.2,Safe
soil-water-monitor-1,6.24,3.06,722.8,Moderate
soil-water-monitor-2,6.8,3.02,401.9,Safe
soil-water-monitor-3,5.84,11.22,1961.8,Unsafe
soil-water-monitor-2,7.38,1.73,264.1,Safe
soil-water-monitor-1,7.33,5.44,275.3,Safe
soil-water-monitor-2,7.16,5.0,374.7,Safe
soil-water-monitor-2,4.94,12.16,1534.9,Critical
soil-water-monitor-1,7.49,3.93,227.6,Safe
soil-water-monitor-1,6.87,1.37,332.2,Safe
soil-water-monitor-2,6.5,6.61,738.6,Moderate
soil-water-monitor-1,6.76,2.78,301.5,Safe
soil-water-monitor-2,6.52,9.15,501.2,Moderate
soil-water-monitor-1,7.48,4.78,336.0,Safe
soil-water-monitor-1,6.78,7.37,921.0,Safe
soil-water-monitor-1,7.55,1.31,315.7,Safe
soil-water-monitor-3,5.46,25.64,1518.3,Critical
soil-water-monitor-3,6.46,9.69,605.8,Unsafe
soil-water-monitor-2,6.66,12.99,499.7,Moderate
soil-water-monitor-1,6.57,4.63,442.1,Safe
soil-water-monitor-3,6.61,5.14,684.9,Moderate
soil-water-monitor-2,6.64,21.23,1331.3,Unsafe
soil-water-monitor-3,8.03,2.0,281.1,Safe
soil-water-monitor-3,6.47,5.19,736.2,Moderate
soil-water-monitor-3,5.95,19.94,2020.3,Critical
soil-water-monitor-3,6.89,6.47,284.9,Safe
soil-water-monitor-2,6.02,15.26,1338.8,Unsafe
soil-water-monitor-1,7.33,2.26,305.9,Safe
soil-water-monitor-2,7.12,0.0,211.9,Safe
soil-water-monitor-2,6.61,14.18,1284.7,Unsafe
soil-water-monitor-1,6.56,2.89,363.6,Safe
soil-water-monitor-2,7.11,0.43,217.4,Safe
soil-water-monitor-1,7.43,4.8,430.9,Safe
soil-water-monitor-2,6.88,0.0,322.5,Safe
soil-water-monitor-3,5.61,8.78,687.5,Unsafe
soil-water-monitor-1,6.6,7.36,491.5,Safe
soil-water-monitor-1,7.2,2.7,169.4,Safe
soil-water-monitor-3,6.76,4.0,243.0,Safe
soil-water-monitor-2,7.2,9.81,723.1,Moderate
soil-water-monitor-2,6.91,3.94,259.5,Safe
soil-water-monitor-2,6.65,1.26,287.9,Safe
soil-water-monitor-2,7.54,0.18,263.6,Safe
soil-water-monitor-2,7.14,4.28,340.6,Safe
soil-water-monitor-1,7.02,14.08,1255.0,Unsafe
soil-water-monitor-3,5.82,39.57,993.4,Unsafe
soil-water-monitor-1,7.88,2.73,169.7,Safe
soil-water-monitor-3,5.91,4.33,989.6,Unsafe
soil-water-monitor-3,4.54,91.89,2863.2,Critical
soil-water-monitor-1,7.39,2.87,136.6,Safe
soil-water-monitor-3,6.72,1.17,486.5,Safe
soil-water-monitor-3,7.88,1.77,249.8,Safe
soil-water-monitor-1,6.97,2.78,417.8,Safe
soil-water-monitor-3,6.18,11.81,626.6,Unsafe
soil-water-monitor-1,6.6,2.57,660.2,Safe
soil-water-monitor-3,7.02,0.53,156.5,Safe
soil-water-monitor-3,7.7,0.3,292.2,Safe
soil-water-monitor-1,4.16,107.8,2513.4,Critical
soil-water-monitor-3,4.87,26.51,1120.3,Critical
soil-water-monitor-2,7.03,4.55,390.0,Safe
soil-water-monitor-2,6.73,2.22,337.5,Safe
soil-water-monitor-2,7.53,0.85,173.8,Safe
soil-water-monitor-2,7.31,9.77,1071.4,Unsafe
soil-water-monitor-2,6.1,27.64,2071.6,Unsafe
soil-water-monitor-3,7.48,2.58,255.3,Safe
soil-water-monitor-1,7.6,0.85,186.3,Safe
soil-water-monitor-1,6.78,3.54,354.2,Safe
soil-water-monitor-3,6.9,3.05,317.7,Safe
soil-water-monitor-2,7.81,1.12,418.7,Safe
soil-water-monitor-2,5.0,11.13,1351.7,Critical
soil-water-monitor-1,7.39,12.65,504.2,Moderate
soil-water-monitor-1,7.12,2.44,685.8,Safe
soil-water-monitor-1,7.06,8.82,532.9,Moderate
soil-water-monitor-2,5.45,106.33,2759.0,Critical
soil-water-monitor-1,5.07,52.28,2390.4,Critical
soil-water-monitor-2,6.05,23.53,1090.3,Unsafe
soil-water-monitor-3,6.09,5.39,632.2,Moderate
soil-water-monitor-1,7.7,3.48,182.6,Safe
soil-water-monitor-1,7.46,0.33,281.9,Safe
soil-water-monitor-3,6.73,2.76,481.2,Safe
soil-water-monitor-3,5.33,6.29,579.0,Unsafe
soil-water-monitor-1,7.23,0.08,245.5,Safe
soil-water-monitor-1,7.12,7.24,532.3,Safe
soil-water-monitor-1,5.77,39.79,1997.4,Critical
soil-water-monitor-3,6.05,69.56,2033.4,Critical
soil-water-monitor-1,6.97,1.77,371.5,Safe
soil-water-monitor-1,6.19,92.37,2584.3,Critical
soil-water-monitor-2,6.67,9.66,567.9,Moderate
soil-water-monitor-2,6.43,8.08,567.0,Moderate
soil-water-monitor-3,5.51,42.4,1239.4,Critical
soil-water-monitor-3,7.36,11.13,1147.1,Unsafe
soil-water-monitor-2,7.25,3.94,124.3,Safe
soil-water-monitor-3,6.51,7.74,652.2,Moderate
soil-water-monitor-3,5.2,85.58,3489.6,Critical
soil-water-monitor-3,8.1,1.5,226.2,Safe
soil-water-monitor-3,8.21,2.75,179.8,Safe
soil-water-monitor-1,6.47,3.99,146.8,Safe
soil-water-monitor-1,7.13,0.78,253.6,Safe
soil-water-monitor-2,8.0,0.25,167.6,Safe
soil-water-monitor-3,3.69,80.09,2849.9,Critical
soil-water-monitor-1,4.63,19.9,1003.0,Unsafe
soil-water-monitor-2,6.61,9.53,800.0,Moderate
soil-water-monitor-2,7.34,0.0,241.4,Safe
soil-water-monitor-1,6.95,1.62,389.4,Safe
soil-water-monitor-3,6.64,0.0,158.5,Safe
soil-water-monitor-3,6.78,5.7,1039.1,Moderate
soil-water-monitor-3,5.74,44.89,1062.4,Unsafe
soil-water-monitor-1,,36.56,1240.3,Unsafe
soil-water-monitor-3,4.81,17.37,669.3,Unsafe
soil-water-monitor-2,7.35,10.21,729.6,Moderate
soil-water-monitor-3,7.35,10.92,339.5,Safe
soil-water-monitor-3,7.79,0.0,290.6,Safe
soil-water-monitor-2,4.99,14.82,1250.3,Critical
soil-water-monitor-2,6.46,27.43,1899.3,Unsafe
soil-water-monitor-2,5.81,19.94,1770.5,Unsafe
soil-water-monitor-2,6.04,7.74,605.6,Unsafe
soil-water-monitor-2,7.46,2.65,233.6,Safe
soil-water-monitor-2,6.35,43.66,1051.4,Unsafe
soil-water-monitor-1,7.61,2.35,368.6,Safe
soil-water-monitor-2,7.37,0.44,240.5,Safe
soil-water-monitor-3,6.96,2.85,165.0,Safe
soil-water-monitor-2,6.46,9.79,573.8,Unsafe
soil-water-monitor-1,7.04,1.13,212.8,Safe
soil-water-monitor-1,7.17,11.53,624.7,Moderate
soil-water-monitor-3,4.23,27.82,1633.6,Critical
soil-water-monitor-2,7.15,7.69,578.5,Moderate
soil-water-monitor-3,7.44,1.57,116.7,Safe
soil-water-monitor-1,7.51,2.14,243.4,Safe
soil-water-monitor-2,7.49,8.6,514.4,Safe
soil-water-monitor-2,6.51,16.59,1223.0,Unsafe
soil-water-monitor-2,7.43,5.6,902.1,Moderate
soil-water-monitor-3,5.8,20.13,1531.9,Unsafe
soil-water-monitor-2,5.93,22.47,1142.9,Unsafe
soil-water-monitor-3,6.88,3.32,678.7,Safe
soil-water-monitor-2,7.04,5.36,670.8,Safe
soil-water-monitor-2,5.67,3.84,602.1,Moderate
soil-water-monitor-2,5.18,22.26,1092.3,Critical
soil-water-monitor-2,7.5,3.0,227.1,Safe
soil-water-monitor-3,5.6,29.15,1688.9,Critical
soil-water-monitor-3,6.72,0.27,313.1,Safe
soil-water-monitor-1,7.48,5.46,661.4,Moderate
soil-water-monitor-3,7.03,6.94,467.7,Safe
soil-water-monitor-1,7.77,6.69,318.0,Safe
soil-water-monitor-1,6.31,4.7,859.1,Safe
soil-water-monitor-1,7.49,0.0,283.9,Safe
soil-water-monitor-3,7.33,2.72,196.0,Safe
soil-water-monitor-2,6.07,4.34,793.9,Moderate
soil-water-monitor-2,6.24,9.65,617.4,Moderate
soil-water-monitor-2,7.12,0.0,326.5,Safe
soil-water-monitor-2,7.37,0.17,299.9,Safe
soil-water-monitor-1,5.78,28.25,1140.7,Unsafe
soil-water-monitor-2,7.02,2.43,192.6,Safe
soil-water-monitor-1,,1.72,206.6,Safe
soil-water-monitor-1,8.14,0.54,350.4,Safe
soil-water-monitor-1,7.17,2.26,363.0,Safe
soil-water-monitor-1,5.77,8.19,847.1,Unsafe
soil-water-monitor-1,,5.28,663.0,Moderate
soil-water-monitor-1,6.23,7.39,635.4,Moderate
soil-water-monitor-1,3.47,43.39,2036.0,Critical
soil-water-monitor-2,4.83,43.39,2745.6,Critical
soil-water-monitor-2,,1.43,227.0,Safe
soil-water-monitor-1,7.55,1.94,337.5,Safe
soil-water-monitor-2,7.74,50.7,1214.3,Unsafe
soil-water-monitor-2,6.68,7.24,533.5,Moderate
soil-water-monitor-1,7.2,0.7,594.3,Safe
soil-water-monitor-1,7.59,0.75,256.5,Safe
soil-water-monitor-3,3.14,32.36,1300.9,Critical
soil-water-monitor-1,7.66,5.24,919.0,Moderate
soil-water-monitor-3,6.1,19.2,1789.1,Unsafe
soil-water-monitor-3,7.33,6.71,869.7,Moderate
soil-water-monitor-3,5.08,16.0,2093.0,Critical
soil-water-monitor-1,6.25,31.13,1182.7,Unsafe
soil-water-monitor-2,5.29,8.59,1032.9,Unsafe
soil-water-monitor-1,5.49,2.89,721.7,Unsafe
soil-water-monitor-1,7.73,5.39,317.7,Safe
soil-water-monitor-3,5.2,31.75,1254.5,Critical
soil-water-monitor-1,6.32,3.5,923.5,Moderate
soil-water-monitor-3,5.95,8.71,770.8,Unsafe
soil-water-monitor-2,5.33,35.37,1184.4,Critical
soil-water-monitor-3,7.33,2.42,375.9,Safe
soil-water-monitor-1,7.08,0.0,286.8,Safe
soil-water-monitor-3,6.52,6.83,771.3,Moderate
soil-water-monitor-2,7.13,7.9,426.8,Safe
soil-water-monitor-2,6.34,2.09,589.1,Moderate
soil-water-monitor-3,6.31,6.7,557.0,Moderate
soil-water-monitor-3,7.36,2.59,188.9,Safe
soil-water-monitor-2,7.88,4.32,305.9,Safe
soil-water-monitor-1,,4.05,473.3,Safe
soil-water-monitor-1,6.7,15.72,1316.0,Unsafe
soil-water-monitor-2,7.36,2.83,297.2,Safe
soil-water-monitor-3,5.2,16.53,1012.3,Unsafe
soil-water-monitor-2,5.94,8.65,1021.4,Unsafe
soil-water-monitor-2,6.31,9.65,821.4,Moderate
soil-water-monitor-1,6.59,8.37,579.6,Moderate
soil-water-monitor-2,7.12,3.9,574.7,Safe
soil-water-monitor-2,4.84,70.34,2770.3,Critical
soil-water-monitor-2,6.89,3.74,191.2,Safe
soil-water-monitor-1,6.51,5.09,607.1,Moderate
soil-water-monitor-2,6.67,5.23,576.2,Safe
soil-water-monitor-3,,42.61,2773.0,Critical
soil-water-monitor-2,6.8,5.16,436.5,Safe
soil-water-monitor-2,3.94,70.15,3025.3,Critical
soil-water-monitor-3,6.82,8.08,632.4,Moderate
soil-water-monitor-2,6.77,3.14,120.4,Safe
soil-water-monitor-3,6.5,1.8,862.9,Safe
soil-water-monitor-2,6.55,0.01,486.1,Safe
soil-water-monitor-2,4.57,71.41,3664.6,Critical
soil-water-monitor-1,7.24,2.57,210.2,Safe
soil-water-monitor-2,6.78,5.78,437.2,Safe
soil-water-monitor-1,5.98,22.02,1295.4,Unsafe
soil-water-monitor-2,6.92,1.66,291.4,Safe
soil-water-monitor-3,7.39,0.94,246.8,Safe
soil-water-monitor-2,6.37,36.73,1134.6,Unsafe
soil-water-monitor-3,6.48,13.87,1360.4,Unsafe
soil-water-monitor-2,7.04,3.96,400.7,Safe
soil-water-monitor-1,6.45,12.37,1704.2,Unsafe
soil-water-monitor-3,7.31,3.34,134.0,Safe
soil-water-monitor-2,6.91,7.85,595.4,Moderate
soil-water-monitor-1,7.02,1.11,278.9,Safe
soil-water-monitor-1,4.63,22.56,1226.4,Critical
soil-water-monitor-2,6.07,4.99,947.8,Moderate
soil-water-monitor-3,7.37,7.19,508.1,Moderate
soil-water-monitor-3,4.3,54.32,3358.4,Critical
soil-water-monitor-2,5.98,6.85,1233.1,Unsafe
soil-water-monitor-3,7.27,2.13,206.6,Safe
soil-water-monitor-3,7.4,19.37,1711.3,Unsafe
soil-water-monitor-2,6.95,0.0,252.1,Safe
soil-water-monitor-1,6.52,5.54,398.2,Safe
soil-water-monitor-1,5.59,61.82,3117.1,Critical
soil-water-monitor-2,7.35,2.65,335.0,Safe
soil-water-monitor-2,7.43,1.69,320.8,Safe
soil-water-monitor-2,7.12,5.63,263.0,Safe
soil-water-monitor-2,6.42,0.28,229.6,Safe
soil-water-monitor-3,7.71,6.85,764.9,Moderate
soil-water-monitor-2,6.84,0.0,212.3,Safe
soil-water-monitor-1,7.0,3.64,420.7,Safe
soil-water-monitor-2,5.77,4.52,613.9,Moderate
soil-water-monitor-3,6.97,3.02,281.7,Safe
soil-water-monitor-3,,0.84,307.2,Safe
soil-water-monitor-3,7.15,4.87,366.2,Safe
soil-water-monitor-3,5.38,33.84,1368.6,Critical
soil-water-monitor-1,5.41,13.74,1532.8,Critical
soil-water-monitor-2,7.07,2.55,317.1,Safe
soil-water-monitor-1,6.06,7.18,411.1,Moderate
soil-water-monitor-2,,6.26,1700.1,Unsafe
soil-water-monitor-3,6.71,4.61,397.7,Safe
soil-water-monitor-3,6.72,4.39,388.7,Safe
soil-water-monitor-2,7.09,3.33,259.3,Safe
soil-water-monitor-3,7.1,30.06,1949.6,Unsafe
soil-water-monitor-3,5.05,20.98,1305.6,Critical
soil-water-monitor-2,7.34,1.15,391.0,Safe
soil-water-monitor-1,5.31,22.77,1621.1,Critical
soil-water-monitor-3,6.77,0.33,489.5,Safe
soil-water-monitor-1,6.57,4.49,711.3,Moderate
soil-water-monitor-3,6.88,47.46,1371.5,Unsafe
soil-water-monitor-2,5.04,34.72,1703.1,Critical
soil-water-monitor-2,6.39,3.74,566.5,Moderate
soil-water-monitor-3,6.75,11.39,566.2,Moderate
soil-water-monitor-2,7.01,0.96,268.7,Safe
soil-water-monitor-1,2.59,56.88,2866.7,Critical
soil-water-monitor-1,7.11,0.0,251.5,Safe
soil-water-monitor-3,6.96,3.37,199.1,Safe
soil-water-monitor-2,7.51,4.19,338.5,Safe
soil-water-monitor-3,7.21,2.4,186.1,Safe
soil-water-monitor-2,4.86,153.26,3084.4,Critical
soil-water-monitor-3,6.87,6.55,944.7,Moderate
soil-water-monitor-2,7.12,3.86,314.5,Safe
soil-water-monitor-2,6.24,5.06,184.0,Safe
soil-water-monitor-1,6.6,10.72,755.9,Moderate
soil-water-monitor-2,,39.76,2073.5,Critical
soil-water-monitor-3,6.64,9.81,556.4,Moderate
soil-water-monitor-2,7.12,3.38,247.4,Safe
soil-water-monitor-2,5.69,16.99,1098.7,Unsafe
soil-water-monitor-2,5.63,89.17,2189.6,Critical
soil-water-monitor-3,7.26,0.0,341.6,Safe
soil-water-monitor-2,7.39,1.07,184.5,Safe
soil-water-monitor-3,6.33,5.35,988.8,Moderate
soil-water-monitor-1,6.3,16.85,1528.5,Unsafe
soil-water-monitor-1,6.44,5.52,799.1,Moderate
soil-water-monitor-1,7.55,4.87,413.1,Safe
soil-water-monitor-1,5.22,17.41,1041.4,Critical
soil-water-monitor-3,6.94,4.66,534.8,Moderate
soil-water-monitor-1,6.07,6.37,531.1,Moderate
soil-water-monitor-3,6.29,4.58,702.2,Moderate
soil-water-monitor-2,7.96,0.93,250.4,Safe
soil-water-monitor-3,6.66,5.58,597.9,Moderate
soil-water-monitor-1,6.79,0.0,390.5,Safe
soil-water-monitor-1,6.37,5.69,846.6,Moderate
soil-water-monitor-3,6.78,2.16,319.5,Safe
soil-water-monitor-2,7.53,4.68,510.0,Moderate
soil-water-monitor-1,7.35,1.37,184.8,Safe
soil-water-monitor-2,3.49,82.53,3633.6,Critical
soil-water-monitor-2,7.5,2.66,218.7,Safe
soil-water-monitor-1,5.45,14.51,913.7,Unsafe
soil-water-monitor-2,7.14,2.94,318.9,Safe
soil-water-monitor-1,7.38,1.54,235.3,Safe
soil-water-monitor-1,6.67,6.5,679.7,Moderate
soil-water-monitor-1,5.64,13.71,910.9,Unsafe
soil-water-monitor-3,4.43,90.71,1471.7,Critical
soil-water-monitor-1,5.19,29.27,975.0,Unsafe
soil-water-monitor-2,6.33,10.84,595.4,Moderate
soil-water-monitor-3,5.68,42.69,1351.2,Unsafe
soil-water-monitor-3,5.1,26.16,1378.9,Critical
soil-water-monitor-1,6.09,7.29,672.2,Unsafe
soil-water-monitor-2,6.65,7.86,705.4,Moderate
soil-water-monitor-3,7.21,3.74,194.9,Safe
soil-water-monitor-3,5.33,21.66,1918.5,Unsafe
soil-water-monitor-3,6.48,4.15,924.1,Moderate
soil-water-monitor-1,5.73,22.54,1790.4,Unsafe
soil-water-monitor-1,5.99,22.77,838.8,Unsafe
soil-water-monitor-2,6.55,7.23,534.7,Moderate
soil-water-monitor-2,6.98,0.0,301.0,Safe
soil-water-monitor-3,6.61,0.68,187.4,Safe
soil-water-monitor-2,7.52,0.82,128.2,Safe
soil-water-monitor-2,7.44,0.11,222.2,Safe
soil-water-monitor-3,7.7,2.8,397.8,Safe
soil-water-monitor-1,7.38,0.0,144.7,Safe
soil-water-monitor-2,6.29,8.08,641.0,Moderate
soil-water-monitor-1,7.34,3.0,274.3,Safe
soil-water-monitor-3,3.75,127.27,3180.0,Critical
soil-water-monitor-3,6.07,10.91,618.0,Unsafe
soil-water-monitor-3,6.7,10.89,788.8,Moderate
soil-water-monitor-3,7.42,1.96,274.2,Safe
soil-water-monitor-2,5.51,30.83,1301.5,Unsafe
soil-water-monitor-2,7.29,2.09,197.4,Safe
soil-water-monitor-2,6.95,2.36,505.6,Safe
soil-water-monitor-1,7.56,2.08,196.4,Safe
soil-water-monitor-1,7.52,0.2,227.5,Safe
soil-water-monitor-2,4.57,130.66,4874.4,Critical
soil-water-monitor-2,6.79,3.19,291.9,Safe
soil-water-monitor-3,6.21,11.53,417.6,Moderate
soil-water-monitor-2,7.72,2.58,264.0,Safe
soil-water-monitor-3,6.72,4.93,287.4,Safe
soil-water-monitor-1,6.98,32.52,1271.8,Unsafe
soil-water-monitor-3,4.75,15.97,1905.6,Critical
soil-water-monitor-3,5.88,33.09,1445.2,Unsafe
soil-water-monitor-2,5.99,57.12,1371.1,Critical
soil-water-monitor-1,6.57,0.4,179.9,Safe
soil-water-monitor-2,5.45,21.24,1503.2,Critical
soil-water-monitor-1,7.28,9.78,952.4,Moderate
soil-water-monitor-1,7.43,5.16,553.4,Safe
soil-water-monitor-3,6.98,0.0,368.4,Safe
soil-water-monitor-2,5.12,17.6,520.6,Unsafe
soil-water-monitor-1,6.34,2.16,455.6,Safe
soil-water-monitor-3,5.47,28.06,1222.7,Critical
soil-water-monitor-2,5.97,10.76,623.7,Moderate
soil-water-monitor-2,7.42,0.9,306.8,Safe
soil-water-monitor-3,6.81,1.31,407.7,Safe
soil-water-monitor-3,8.32,1.0,236.2,Safe
soil-water-monitor-3,7.02,1.01,277.1,Safe
soil-water-monitor-2,7.61,1.12,191.2,Safe
soil-water-monitor-3,7.09,3.0,279.2,Safe
soil-water-monitor-2,7.16,12.74,409.2,Moderate
soil-water-monitor-1,4.68,22.9,1549.6,Critical
soil-water-monitor-1,7.89,3.68,340.8,Safe
soil-water-monitor-1,7.85,3.97,179.1,Safe
soil-water-monitor-3,,13.24,1647.0,Critical
soil-water-monitor-2,7.39,3.69,562.3,Safe
soil-water-monitor-2,7.44,3.45,203.8,Safe
soil-water-monitor-3,6.7,6.39,972.0,Moderate
soil-water-monitor-1,5.73,18.41,1790.4,Unsafe
soil-water-monitor-2,3.06,122.41,2286.8,Critical
soil-water-monitor-1,5.47,27.42,1368.6,Unsafe
soil-water-monitor-3,5.84,7.43,543.8,Unsafe
soil-water-monitor-2,5.69,6.76,599.2,Unsafe
soil-water-monitor-3,6.05,3.62,613.4,Moderate
soil-water-monitor-1,6.68,19.18,1240.2,Unsafe
soil-water-monitor-1,6.02,6.08,791.7,Moderate
soil-water-monitor-3,6.04,6.52,641.6,Unsafe
soil-water-monitor-2,7.38,2.28,142.7,Safe
soil-water-monitor-3,7.88,1.13,268.2,Safe
soil-water-monitor-3,5.99,27.57,1287.2,Unsafe
soil-water-monitor-2,6.94,7.47,569.3,Moderate
soil-water-monitor-1,4.63,38.21,1706.6,Critical
soil-water-monitor-1,5.57,12.25,755.4,Unsafe
soil-water-monitor-1,6.46,8.33,462.0,Safe
soil-water-monitor-3,7.19,1.29,412.7,Safe
soil-water-monitor-1,7.09,17.3,1570.5,Unsafe
soil-water-monitor-3,5.92,3.69,656.6,Moderate
soil-water-monitor-1,7.26,1.02,300.0,Safe
soil-water-monitor-3,7.34,0.92,367.2,Safe
soil-water-monitor-2,7.34,5.73,381.6,Safe
soil-water-monitor-3,7.7,1.72,149.1,Safe
soil-water-monitor-3,6.61,7.26,759.2,Moderate
soil-water-monitor-1,7.81,0.0,359.5,Safe
soil-water-monitor-2,6.82,23.88,1580.2,Unsafe
soil-water-monitor-3,6.97,0.0,159.0,Safe
soil-water-monitor-3,5.25,34.25,2196.0,Critical
soil-water-monitor-2,6.61,6.32,378.7,Safe
soil-water-monitor-1,6.46,8.45,1052.4,Unsafe
soil-water-monitor-2,7.6,3.0,300.3,Safe
soil-water-monitor-1,7.61,5.24,229.6,Safe
soil-water-monitor-3,7.39,2.45,174.2,Safe
soil-water-monitor-2,6.04,3.41,527.7,Moderate
soil-water-monitor-2,7.3,4.52,389.0,Safe
soil-water-monitor-3,5.86,35.39,1167.3,Unsafe
soil-water-monitor-1,7.94,5.06,147.8,Safe
soil-water-monitor-1,6.67,9.72,570.3,Moderate
soil-water-monitor-3,7.44,0.0,363.3,Safe
soil-water-monitor-3,7.84,0.0,457.9,Safe
soil-water-monitor-2,7.63,3.78,125.4,Safe
soil-water-monitor-3,7.26,2.39,244.1,Safe
soil-water-monitor-3,4.05,16.71,790.8,Unsafe
soil-water-monitor-2,6.89,1.89,284.6,Safe
soil-water-monitor-3,4.77,78.98,2273.6,Critical
soil-water-monitor-1,6.32,6.29,691.3,Moderate
soil-water-monitor-1,6.17,23.07,1052.8,Unsafe
soil-water-monitor-1,6.29,9.21,703.4,Moderate
soil-water-monitor-2,6.46,8.61,701.0,Moderate
soil-water-monitor-3,7.59,3.03,255.0,Safe
soil-water-monitor-2,7.42,2.05,315.4,Safe
soil-water-monitor-2,6.9,2.68,382.3,Safe
soil-water-monitor-1,7.75,0.0,192.6,Safe
soil-water-monitor-3,,26.76,1494.1,Unsafe
soil-water-monitor-2,6.44,5.85,815.5,Moderate
soil-water-monitor-2,6.88,7.7,605.9,Moderate
soil-water-monitor-3,3.07,77.89,2086.9,Critical
soil-water-monitor-1,6.39,5.24,599.6,Moderate
soil-water-monitor-3,7.43,3.32,209.3,Safe
soil-water-monitor-2,6.54,1.6,355.6,Safe
soil-water-monitor-3,6.98,4.29,621.4,Moderate
soil-water-monitor-1,7.83,1.05,212.9,Safe
soil-water-monitor-1,7.78,2.29,395.5,Safe
soil-water-monitor-1,5.81,4.25,660.7,Moderate
soil-water-monitor-1,6.43,7.05,671.5,Moderate
soil-water-monitor-3,7.5,1.4,164.3,Safe
soil-water-monitor-2,6.1,9.79,809.5,Moderate
soil-water-monitor-2,7.25,1.13,252.2,Safe
soil-water-monitor-3,6.96,6.5,672.8,Moderate
soil-water-monitor-3,5.6,15.14,948.7,Unsafe
soil-water-monitor-1,6.97,2.22,428.8,Safe
soil-water-monitor-3,7.25,3.77,189.3,Safe
soil-water-monitor-2,7.03,9.94,914.3,Moderate
soil-water-monitor-1,6.65,8.11,548.2,Moderate
soil-water-monitor-2,7.44,5.13,202.3,Safe
soil-water-monitor-3,6.17,1.64,505.5,Moderate
soil-water-monitor-1,7.36,1.19,371.3,Safe
soil-water-monitor-3,6.66,8.97,633.2,Moderate
soil-water-monitor-3,5.49,22.5,1058.9,Critical
soil-water-monitor-3,7.03,0.7,221.4,Safe
soil-water-monitor-1,6.7,3.55,533.7,Safe
soil-water-monitor-3,6.68,2.45,341.2,Safe
soil-water-monitor-1,6.59,22.09,1097.9,Unsafe
soil-water-monitor-3,6.39,6.06,544.1,Moderate
soil-water-monitor-3,7.36,0.2,155.4,Safe
soil-water-monitor-2,6.52,10.35,627.5,Unsafe
soil-water-monitor-1,7.21,3.45,378.6,Safe
soil-water-monitor-2,7.0,0.84,441.6,Safe
soil-water-monitor-2,7.24,0.97,519.2,Safe
soil-water-monitor-2,6.15,7.99,636.4,Moderate
soil-water-monitor-2,7.87,7.37,819.4,Moderate
soil-water-monitor-3,7.66,0.0,170.7,Safe
soil-water-monitor-1,5.68,8.61,1437.3,Unsafe
soil-water-monitor-1,7.27,1.26,197.4,Safe
soil-water-monitor-1,7.64,0.43,226.1,Safe
soil-water-monitor-1,6.59,9.23,818.8,Moderate
soil-water-monitor-1,7.33,0.75,210.0,Safe
soil-water-monitor-3,5.98,42.82,1523.9,Unsafe
soil-water-monitor-2,6.92,5.55,449.3,Safe
soil-water-monitor-2,4.48,84.81,2534.7,Critical
soil-water-monitor-1,6.85,1.94,260.1,Safe
soil-water-monitor-3,7.03,5.37,602.4,Moderate
soil-water-monitor-1,6.45,6.24,693.2,Moderate
soil-water-monitor-2,6.68,6.3,783.0,Moderate
soil-water-monitor-1,7.27,1.47,323.7,Safe
soil-water-monitor-1,7.37,4.09,362.8,Safe
soil-water-monitor-1,7.32,9.02,945.9,Moderate
soil-water-monitor-2,7.28,6.04,404.0,Safe
soil-water-monitor-2,5.84,14.18,967.8,Unsafe
soil-water-monitor-2,7.4,2.61,350.6,Safe
soil-water-monitor-2,6.74,35.77,1023.6,Unsafe
soil-water-monitor-2,7.28,6.47,599.6,Moderate
soil-water-monitor-3,7.38,3.84,219.4,Safe
soil-water-monitor-2,7.08,2.2,420.3,Safe
soil-water-monitor-3,4.19,86.41,2723.4,Critical
soil-water-monitor-1,7.77,3.18,174.2,Safe
soil-water-monitor-2,7.27,7.86,514.1,Safe
soil-water-monitor-3,8.31,2.54,283.1,Safe
soil-water-monitor-3,7.02,0.57,339.9,Safe
soil-water-monitor-3,6.7,9.85,642.9,Moderate
soil-water-monitor-2,7.85,1.82,198.8,Safe
soil-water-monitor-2,3.55,96.01,2121.8,Critical
soil-water-monitor-3,6.52,5.54,721.9,Moderate
soil-water-monitor-2,6.98,3.42,280.7,Safe
soil-water-monitor-2,7.46,2.06,322.1,Safe
soil-water-monitor-3,7.15,1.79,311.6,Safe
soil-water-monitor-2,7.18,2.01,268.9,Safe
soil-water-monitor-2,5.5,21.49,1605.9,Unsafe
soil-water-monitor-3,7.84,2.87,258.3,Safe
soil-water-monitor-2,7.29,6.43,904.9,Moderate
soil-water-monitor-2,6.63,0.0,312.7,Safe
soil-water-monitor-3,4.2,17.0,1126.4,Critical
soil-water-monitor-1,7.51,2.77,430.0,Safe
soil-water-monitor-3,6.26,28.9,939.6,Unsafe
soil-water-monitor-2,6.97,5.84,776.2,Safe
soil-water-monitor-1,7.11,1.48,230.8,Safe
soil-water-monitor-3,7.14,61.86,2871.8,Unsafe
soil-water-monitor-2,5.15,21.05,873.1,Unsafe
soil-water-monitor-3,7.18,2.48,216.0,Safe
soil-water-monitor-1,7.57,2.24,318.3,Safe
soil-water-monitor-1,7.57,1.86,301.2,Safe
soil-water-monitor-1,6.17,34.89,1001.0,Unsafe
soil-water-monitor-2,4.9,31.79,1256.9,Critical
soil-water-monitor-3,6.93,2.53,326.6,Safe
soil-water-monitor-1,3.67,117.58,4019.3,Critical
soil-water-monitor-1,4.3,66.58,2700.6,Critical
soil-water-monitor-3,7.9,2.48,233.6,Safe
soil-water-monitor-1,5.35,25.05,1728.9,Critical
soil-water-monitor-2,7.15,2.66,285.7,Safe
soil-water-monitor-3,6.58,6.14,549.7,Moderate
soil-water-monitor-1,6.72,16.08,972.0,Unsafe
soil-water-monitor-2,6.81,6.3,670.6,Moderate
soil-water-monitor-1,6.58,0.0,279.3,Safe
soil-water-monitor-3,5.07,27.74,1275.9,Critical
soil-water-monitor-1,4.69,102.92,2543.7,Critical
soil-water-monitor-2,6.63,3.82,623.3,Moderate
soil-water-monitor-3,7.47,1.61,250.5,Safe
soil-water-monitor-3,7.34,1.36,391.6,Safe
soil-water-monitor-3,6.84,5.54,554.1,Moderate
soil-water-monitor-2,6.58,11.59,594.1,Unsafe
soil-water-monitor-1,7.8,3.03,379.3,Safe
soil-water-monitor-1,6.2,6.1,639.1,Moderate
soil-water-monitor-1,6.74,2.68,290.3,Safe
soil-water-monitor-2,7.29,5.06,240.8,Safe
soil-water-monitor-3,7.24,2.33,168.3,Safe
soil-water-monitor-3,6.76,1.0,326.9,Safe
soil-water-monitor-3,6.89,6.89,663.9,Moderate
soil-water-monitor-1,5.86,4.45,732.1,Unsafe
soil-water-monitor-1,7.01,0.0,166.7,Safe
soil-water-monitor-2,6.62,0.7,221.6,Safe
soil-water-monitor-1,7.48,1.37,256.7,Safe
soil-water-monitor-3,7.34,1.53,370.1,Safe
soil-water-monitor-2,6.98,0.82,369.6,Safe
soil-water-monitor-2,6.51,5.53,761.9,Moderate
soil-water-monitor-1,7.24,4.14,280.1,Safe
soil-water-monitor-3,7.75,4.35,446.4,Safe
soil-water-monitor-3,6.72,11.32,381.4,Moderate
soil-water-monitor-3,6.46,4.64,285.5,Safe
soil-water-monitor-2,4.13,71.05,1875.5,Critical
soil-water-monitor-1,5.14,144.74,2746.3,Critical
soil-water-monitor-2,7.46,6.97,985.4,Moderate
soil-water-monitor-2,7.18,1.17,142.9,Safe
soil-water-monitor-2,6.12,6.75,468.6,Safe
soil-water-monitor-2,5.77,10.25,639.0,Unsafe
soil-water-monitor-2,8.02,1.3,145.1,Safe
soil-water-monitor-1,5.64,2.41,821.8,Moderate
soil-water-monitor-2,6.44,32.87,2072.3,Unsafe
soil-water-monitor-1,4.45,55.81,1462.0,Critical
soil-water-monitor-2,7.31,2.54,521.3,Safe
soil-water-monitor-1,7.03,0.32,165.4,Safe
soil-water-monitor-3,7.19,0.69,308.1,Safe
soil-water-monitor-3,6.76,3.42,137.2,Safe
soil-water-monitor-3,7.72,3.56,950.4,Safe
soil-water-monitor-3,7.1,3.09,282.8,Safe
soil-water-monitor-3,6.64,4.98,613.3,Safe
soil-water-monitor-3,5.17,133.09,2342.3,Critical
soil-water-monitor-1,7.08,6.5,699.5,Moderate
soil-water-monitor-1,6.36,10.94,521.8,Unsafe
soil-water-monitor-1,7.34,0.77,265.0,Safe
soil-water-monitor-1,,1.45,240.7,Safe
soil-water-monitor-3,6.01,10.99,831.8,Unsafe
soil-water-monitor-3,6.87,8.64,714.3,Moderate
soil-water-monitor-3,6.67,9.96,599.3,Moderate
soil-water-monitor-1,6.9,0.99,327.9,Safe
soil-water-monitor-1,6.95,5.61,572.5,Moderate
soil-water-monitor-3,6.98,3.03,303.8,Safe
soil-water-monitor-3,7.0,0.34,324.8,Safe
soil-water-monitor-1,7.72,3.64,383.9,Safe
soil-water-monitor-1,7.54,0.72,376.5,Safe
soil-water-monitor-2,6.15,30.97,1274.3,Unsafe
soil-water-monitor-3,6.71,2.14,332.6,Safe
soil-water-monitor-1,5.4,96.1,4367.4,Critical
soil-water-monitor-2,6.6,0.75,337.2,Safe
soil-water-monitor-1,7.03,14.98,1358.5,Unsafe
soil-water-monitor-1,7.05,1.55,224.0,Safe
soil-water-monitor-1,6.53,24.98,1200.8,Unsafe
soil-water-monitor-3,6.68,3.16,186.4,Safe
soil-water-monitor-2,5.94,17.82,1451.8,Unsafe
soil-water-monitor-2,7.22,2.56,293.4,Safe
soil-water-monitor-1,6.9,1.18,204.4,Safe
soil-water-monitor-1,6.73,5.0,760.1,Moderate
soil-water-monitor-2,6.37,7.18,727.3,Moderate
soil-water-monitor-3,6.08,6.86,468.9,Moderate
soil-water-monitor-3,5.87,21.18,1743.1,Unsafe
soil-water-monitor-3,7.2,3.6,264.2,Safe
soil-water-monitor-2,6.66,8.49,779.8,Moderate
soil-water-monitor-3,6.88,0.0,440.7,Safe
soil-water-monitor-2,,1.57,219.8,Safe
soil-water-monitor-1,7.56,1.69,244.0,Safe
soil-water-monitor-1,7.64,2.93,229.5,Safe
soil-water-monitor-2,5.31,13.42,1213.7,Critical
soil-water-monitor-3,7.06,5.66,260.1,Safe
soil-water-monitor-1,6.49,2.89,282.4,Safe
soil-water-monitor-3,6.75,9.44,543.5,Moderate
soil-water-monitor-3,7.02,1.92,273.2,Safe
soil-water-monitor-3,6.1,30.64,1112.6,Unsafe
soil-water-monitor-2,7.12,1.18,472.8,Safe
soil-water-monitor-1,4.85,13.28,1636.3,Critical
soil-water-monitor-3,7.72,5.61,551.9,Moderate
soil-water-monitor-3,7.95,1.81,197.0,Safe
soil-water-monitor-2,7.43,2.49,313.5,Safe
soil-water-monitor-3,7.51,0.05,289.7,Safe
soil-water-monitor-1,6.54,11.64,634.9,Unsafe
soil-water-monitor-1,7.18,3.12,293.8,Safe
soil-water-monitor-3,7.01,0.24,349.4,Safe
soil-water-monitor-1,6.69,8.08,621.9,Moderate
soil-water-monitor-3,7.17,4.76,819.0,Moderate
soil-water-monitor-1,6.79,16.29,1122.8,Unsafe
soil-water-monitor-3,5.56,22.51,1337.1,Unsafe
soil-water-monitor-1,8.22,0.18,295.1,Safe
soil-water-monitor-2,8.18,2.25,223.1,Safe
soil-water-monitor-2,6.25,8.84,659.7,Moderate
soil-water-monitor-1,6.26,5.81,616.8,Moderate
soil-water-monitor-2,6.33,1.31,254.3,Safe
soil-water-monitor-3,7.4,4.35,338.3,Safe
soil-water-monitor-2,8.09,2.25,163.0,Safe
soil-water-monitor-3,5.94,8.06,738.6,Moderate
soil-water-monitor-3,6.87,7.94,685.8,Moderate
soil-water-monitor-3,6.6,4.74,197.1,Safe
soil-water-monitor-2,5.97,7.4,713.3,Unsafe
soil-water-monitor-2,5.67,69.36,2579.0,Critical
soil-water-monitor-3,7.79,5.79,283.0,Safe
soil-water-monitor-1,6.79,6.36,656.7,Moderate
soil-water-monitor-3,7.13,1.89,301.7,Safe
soil-water-monitor-3,4.41,29.27,1198.3,Critical
soil-water-monitor-2,6.64,0.0,269.8,Safe
soil-water-monitor-2,6.82,18.78,1325.5,Unsafe
soil-water-monitor-3,6.48,5.9,701.3,Moderate
soil-water-monitor-1,7.11,0.4,331.2,Safe
soil-water-monitor-3,6.33,39.83,1086.2,Unsafe
soil-water-monitor-1,5.67,4.24,530.9,Moderate
soil-water-monitor-2,6.86,0.68,265.6,Safe
soil-water-monitor-3,4.43,11.94,1745.2,Critical
soil-water-monitor-3,6.73,1.52,331.7,Safe
soil-water-monitor-2,2.88,36.99,5602.0,Critical
soil-water-monitor-3,6.04,24.01,1679.6,Unsafe
soil-water-monitor-3,,1.52,344.0,Safe
soil-water-monitor-2,6.87,7.37,438.6,Safe
soil-water-monitor-2,3.9,72.95,2901.3,Critical
soil-water-monitor-2,7.37,27.36,1595.6,Unsafe
soil-water-monitor-3,5.55,59.48,1498.0,Critical
soil-water-monitor-2,7.73,3.97,293.7,Safe
soil-water-monitor-3,7.37,3.89,370.0,Safe
soil-water-monitor-1,6.82,0.77,115.8,Safe
soil-water-monitor-1,7.26,2.01,311.9,Safe
soil-water-monitor-2,6.82,2.23,165.6,Safe
soil-water-monitor-1,4.61,101.89,3130.2,Critical
soil-water-monitor-3,6.34,4.54,730.8,Moderate
soil-water-monitor-3,6.06,32.13,1599.1,Unsafe
soil-water-monitor-3,6.94,0.92,341.4,Safe
soil-water-monitor-1,6.66,5.32,960.5,Safe
soil-water-monitor-1,7.44,4.5,573.6,Safe
soil-water-monitor-2,7.06,9.87,618.6,Moderate
soil-water-monitor-1,6.01,7.71,941.8,Unsafe
soil-water-monitor-1,7.46,1.95,130.8,Safe
soil-water-monitor-2,2.86,95.67,1944.8,Critical
soil-water-monitor-1,6.72,0.57,216.0,Safe
soil-water-monitor-3,5.51,10.25,996.5,Unsafe
soil-water-monitor-3,6.61,0.0,299.1,Safe
soil-water-monitor-2,7.09,0.25,296.4,Safe
soil-water-monitor-2,7.18,1.03,219.5,Safe
soil-water-monitor-3,6.77,6.3,558.2,Moderate
soil-water-monitor-1,6.65,6.01,657.6,Moderate
soil-water-monitor-2,5.64,3.82,721.3,Unsafe
soil-water-monitor-1,7.43,4.36,165.7,Safe
soil-water-monitor-1,7.65,8.16,547.5,Moderate
soil-water-monitor-3,6.19,29.02,1547.5,Unsafe
soil-water-monitor-1,4.27,17.51,1410.9,Critical
soil-water-monitor-3,5.68,7.45,997.5,Unsafe
soil-water-monitor-1,8.35,0.0,250.8,Safe
soil-water-monitor-3,7.76,1.33,184.7,Safe
soil-water-monitor-3,5.67,35.97,1382.8,Unsafe
soil-water-monitor-2,7.48,0.92,170.3,Safe
soil-water-monitor-3,5.46,49.98,2509.0,Critical
soil-water-monitor-3,5.78,1.8,749.9,Moderate
soil-water-monitor-3,6.12,5.13,384.7,Moderate
soil-water-monitor-3,7.48,1.6,281.9,Safe
soil-water-monitor-2,7.98,2.87,130.5,Safe
soil-water-monitor-3,3.71,79.21,3176.8,Critical
soil-water-monitor-3,5.21,5.97,366.3,Unsafe
soil-water-monitor-1,7.33,1.41,139.7,Safe
soil-water-monitor-2,6.0,123.46,2662.8,Critical
soil-water-monitor-2,6.83,5.68,521.8,Safe
soil-water-monitor-3,7.16,8.71,621.8,Moderate
soil-water-monitor-2,4.36,33.26,1149.0,Critical
soil-water-monitor-2,7.74,2.24,187.8,Safe
soil-water-monitor-1,6.98,15.08,936.3,Moderate
soil-water-monitor-2,6.47,9.72,550.1,Moderate
soil-water-monitor-1,6.46,9.11,753.6,Moderate
soil-water-monitor-2,7.26,1.68,392.9,Safe
soil-water-monitor-3,7.86,3.48,291.7,Safe
soil-water-monitor-1,5.89,12.75,1585.0,Unsafe
soil-water-monitor-2,5.84,6.46,642.7,Unsafe
soil-water-monitor-3,7.69,0.93,287.2,Safe
soil-water-monitor-3,7.35,0.08,348.3,Safe
soil-water-monitor-2,6.25,100.75,1429.6,Unsafe
soil-water-monitor-2,5.89,7.25,694.2,Moderate
soil-water-monitor-2,6.34,28.11,1811.9,Unsafe
soil-water-monitor-3,6.25,16.1,1258.3,Unsafe
soil-water-monitor-1,7.27,3.04,233.7,Safe
soil-water-monitor-3,7.26,0.0,193.9,Safe
soil-water-monitor-1,7.02,1.7,271.3,Safe
soil-water-monitor-1,7.56,2.91,453.5,Safe
soil-water-monitor-1,6.36,21.82,1332.3,Unsafe
soil-water-monitor-1,6.83,6.12,758.8,Moderate
soil-water-monitor-2,6.02,10.36,752.6,Moderate
soil-water-monitor-2,5.56,23.29,1248.7,Unsafe
soil-water-monitor-1,6.22,11.79,525.3,Unsafe
soil-water-monitor-3,7.21,7.39,902.0,Safe
soil-water-monitor-2,7.87,3.02,192.9,Safe
soil-water-monitor-1,6.48,8.33,564.5,Moderate
soil-water-monitor-3,7.52,2.38,298.4,Safe
soil-water-monitor-3,7.55,6.16,651.6,Moderate
soil-water-monitor-3,5.53,28.85,1545.6,Unsafe
soil-water-monitor-1,6.8,9.33,1996.0,Unsafe
soil-water-monitor-1,7.13,6.68,421.1,Safe
soil-water-monitor-1,5.44,28.98,943.2,Unsafe
soil-water-monitor-3,8.2,1.23,204.3,Safe
soil-water-monitor-2,7.09,0.59,202.0,Safe
soil-water-monitor-1,6.92,1.58,319.8,Safe
soil-water-monitor-3,6.34,7.91,846.4,Moderate
soil-water-monitor-2,7.23,10.12,522.2,Moderate
soil-water-monitor-1,6.27,0.94,238.9,Safe
soil-water-monitor-3,6.28,1.44,797.4,Moderate
soil-water-monitor-2,7.65,2.32,211.5,Safe
soil-water-monitor-2,7.09,5.43,419.1,Safe
soil-water-monitor-3,5.43,12.09,1879.8,Critical
soil-water-monitor-3,6.86,0.69,256.9,Safe
soil-water-monitor-1,5.78,37.57,1155.9,Unsafe
soil-water-monitor-3,4.77,30.76,1150.4,Critical
soil-water-monitor-3,6.95,11.39,733.0,Moderate
soil-water-monitor-1,7.38,1.05,220.7,Safe
soil-water-monitor-2,5.31,28.1,1205.6,Critical
soil-water-monitor-1,3.71,55.51,2218.4,Critical
soil-water-monitor-3,7.61,4.31,94.5,Safe
soil-water-monitor-1,7.59,2.95,345.4,Safe
soil-water-monitor-3,7.13,19.46,1313.5,Unsafe
soil-water-monitor-2,7.28,0.0,252.6,Safe
soil-water-monitor-1,7.1,1.76,218.2,Safe
soil-water-monitor-2,6.06,6.49,636.6,Unsafe
soil-water-monitor-1,6.46,5.94,505.7,Moderate
soil-water-monitor-2,6.79,0.0,242.3,Safe
soil-water-monitor-1,7.28,1.7,277.8,Safe
soil-water-monitor-2,7.48,1.8,204.3,Safe
soil-water-monitor-1,7.53,0.89,194.1,Safe
soil-water-monitor-1,6.96,1.6,254.1,Safe
soil-water-monitor-3,5.66,5.88,607.1,Unsafe
soil-water-monitor-1,4.81,46.71,2218.4,Critical
soil-water-monitor-2,5.98,12.05,612.3,Unsafe
soil-water-monitor-1,6.26,20.79,1239.2,Unsafe
soil-water-monitor-1,7.39,1.48,287.5,Safe
soil-water-monitor-2,5.99,28.97,1330.0,Unsafe
soil-water-monitor-3,7.6,0.35,232.9,Safe
soil-water-monitor-1,6.23,12.28,984.4,Unsafe
soil-water-monitor-2,7.29,8.47,755.5,Moderate
soil-water-monitor-2,6.96,2.33,403.2,Safe
soil-water-monitor-2,4.38,65.27,3419.8,Critical
soil-water-monitor-2,7.77,2.09,423.0,Safe
soil-water-monitor-2,6.24,1.19,304.0,Safe
soil-water-monitor-1,7.03,0.0,138.7,Safe
soil-water-monitor-1,6.3,6.11,577.1,Moderate
soil-water-monitor-2,7.36,3.28,236.5,Safe
soil-water-monitor-2,6.19,5.47,618.9,Moderate
soil-water-monitor-1,5.8,25.91,1753.4,Unsafe
soil-water-monitor-2,6.33,23.66,1509.5,Unsafe
soil-water-monitor-2,7.01,3.01,151.1,Safe
soil-water-monitor-3,7.02,1.28,450.4,Safe
soil-water-monitor-3,6.18,7.98,438.9,Moderate
soil-water-monitor-3,6.84,1.63,248.2,Safe
soil-water-monitor-1,5.9,7.97,947.5,Unsafe
soil-water-monitor-3,6.49,7.62,317.3,Moderate
soil-water-monitor-2,7.74,1.85,433.9,Safe
soil-water-monitor-1,7.22,1.27,300.0,Safe
soil-water-monitor-3,6.9,2.66,430.5,Safe
soil-water-monitor-3,6.58,9.81,858.3,Moderate
soil-water-monitor-2,3.38,111.35,1956.7,Critical
soil-water-monitor-1,4.42,22.16,2102.9,Critical
soil-water-monitor-3,6.5,1.44,399.0,Safe
soil-water-monitor-2,4.94,112.36,2401.5,Critical
soil-water-monitor-3,6.78,21.84,1490.3,Unsafe
soil-water-monitor-3,8.4,2.91,422.9,Safe
soil-water-monitor-1,5.79,5.42,772.0,Moderate
soil-water-monitor-3,5.55,45.11,1408.1,Critical
soil-water-monitor-2,6.65,4.93,634.8,Moderate
soil-water-monitor-1,6.28,8.82,389.9,Moderate
soil-water-monitor-1,7.0,2.15,323.7,Safe
soil-water-monitor-3,6.12,20.21,1741.4,Unsafe
soil-water-monitor-2,7.39,2.96,306.0,Safe
soil-water-monitor-1,6.32,12.4,546.6,Unsafe
soil-water-monitor-2,7.61,16.52,1156.7,Unsafe
soil-water-monitor-3,6.72,3.02,246.9,Safe
soil-water-monitor-2,5.49,58.49,2373.6,Critical
soil-water-monitor-3,7.43,2.92,375.8,Safe
soil-water-monitor-2,4.66,17.13,1607.0,Critical
soil-water-monitor-1,7.48,0.82,359.1,Safe
soil-water-monitor-2,6.58,13.68,1335.3,Unsafe
soil-water-monitor-2,5.85,8.76,1935.3,Unsafe
soil-water-monitor-3,7.65,2.82,96.0,Safe
soil-water-monitor-2,7.82,1.61,199.5,Safe
soil-water-monitor-2,5.24,22.81,995.4,Unsafe
soil-water-monitor-2,6.26,35.14,929.2,Unsafe
soil-water-monitor-1,6.92,1.89,418.7,Safe
soil-water-monitor-2,7.23,2.25,200.6,Safe
soil-water-monitor-2,4.82,106.97,2398.8,Critical
soil-water-monitor-3,5.85,6.28,582.0,Moderate
soil-water-monitor-2,7.01,1.76,452.7,Safe
soil-water-monitor-2,4.8,120.74,2053.6,Critical
soil-water-monitor-2,6.63,5.32,513.5,Safe
soil-water-monitor-3,7.51,3.03,267.1,Safe
soil-water-monitor-1,5.66,25.93,1144.8,Unsafe
soil-water-monitor-2,6.66,8.0,730.8,Moderate
soil-water-monitor-1,7.59,0.47,310.0,Safe
soil-water-monitor-3,5.27,34.39,2832.5,Critical
soil-water-monitor-1,5.85,5.9,513.2,Unsafe
soil-water-monitor-2,7.03,4.01,380.1,Safe
soil-water-monitor-1,6.45,14.51,1750.7,Unsafe
soil-water-monitor-3,7.23,6.46,587.5,Moderate
soil-water-monitor-1,7.63,4.35,237.3,Safe
soil-water-monitor-2,6.85,4.98,627.1,Safe
soil-water-monitor-1,7.52,0.52,141.1,Safe
soil-water-monitor-1,7.72,4.66,190.0,Safe
soil-water-monitor-2,5.66,24.3,1685.4,Unsafe
soil-water-monitor-2,6.56,0.92,315.9,Safe
soil-water-monitor-2,7.01,3.55,378.7,Safe
soil-water-monitor-2,7.35,0.0,206.7,Safe
soil-water-monitor-3,6.27,28.75,1102.8,Unsafe
soil-water-monitor-3,6.32,3.75,951.8,Moderate
soil-water-monitor-3,,3.61,748.5,Safe
soil-water-monitor-3,6.26,6.43,734.9,Moderate
soil-water-monitor-2,7.87,2.52,224.9,Safe
soil-water-monitor-3,7.37,0.53,145.5,Safe
soil-water-monitor-3,4.71,14.27,1814.0,Critical
soil-water-monitor-2,4.47,150.16,2353.0,Critical
soil-water-monitor-1,5.89,7.2,352.9,Moderate
soil-water-monitor-2,7.34,2.18,231.0,Safe
soil-water-monitor-2,7.48,0.71,327.6,Safe
soil-water-monitor-3,7.0,2.32,334.3,Safe
soil-water-monitor-3,7.36,2.68,233.1,Safe
soil-water-monitor-2,7.52,1.31,230.5,Safe
soil-water-monitor-2,6.53,1.35,242.4,Safe
soil-water-monitor-1,3.98,58.76,2881.1,Critical
soil-water-monitor-3,5.45,16.35,2044.1,Critical
soil-water-monitor-1,6.31,10.71,625.5,Unsafe
soil-water-monitor-2,4.5,20.53,1677.8,Critical
soil-water-monitor-3,7.39,24.87,1269.7,Unsafe
soil-water-monitor-1,6.22,25.32,1883.0,Unsafe
soil-water-monitor-1,7.44,3.31,266.4,Safe
soil-water-monitor-1,7.2,2.2,358.4,Safe
soil-water-monitor-2,7.45,2.8,308.1,Safe
soil-water-monitor-1,5.65,24.12,1437.1,Unsafe
soil-water-monitor-3,7.31,1.75,226.6,Safe
soil-water-monitor-2,6.72,0.26,152.3,Safe
soil-water-monitor-3,6.14,4.76,725.0,Moderate
soil-water-monitor-2,6.6,1.02,344.3,Safe
soil-water-monitor-1,6.39,4.89,858.4,Moderate
soil-water-monitor-1,5.79,9.24,480.1,Moderate
soil-water-monitor-3,6.96,3.55,207.3,Safe
soil-water-monitor-2,7.31,3.35,361.8,Safe
soil-water-monitor-1,7.21,4.27,242.8,Safe
soil-water-monitor-2,7.13,0.0,403.9,Safe
soil-water-monitor-1,5.46,25.59,951.3,Unsafe
soil-water-monitor-3,5.93,25.12,1603.7,Unsafe
soil-water-monitor-2,6.45,12.25,1616.2,Unsafe
soil-water-monitor-1,8.43,1.8,358.8,Safe
soil-water-monitor-3,7.57,3.75,416.1,Safe
soil-water-monitor-3,4.1,64.06,3889.6,Critical
soil-water-monitor-2,6.86,4.37,457.8,Safe
soil-water-monitor-3,4.86,31.24,1687.0,Critical
soil-water-monitor-1,6.89,0.66,163.9,Safe
soil-water-monitor-1,6.69,0.48,420.9,Safe
soil-water-monitor-3,4.85,13.09,831.4,Unsafe
soil-water-monitor-2,3.33,191.4,3474.9,Critical
soil-water-monitor-2,6.78,8.92,584.7,Moderate
soil-water-monitor-2,8.2,1.16,276.3,Safe
soil-water-monitor-1,6.14,5.17,463.3,Moderate
soil-water-monitor-3,5.34,14.61,1399.0,Critical
soil-water-monitor-2,7.29,5.32,256.7,Safe
soil-water-monitor-2,7.22,3.99,409.3,Safe
soil-water-monitor-3,7.37,0.78,325.1,Safe
soil-water-monitor-2,7.21,3.66,197.7,Safe
soil-water-monitor-1,7.2,5.69,812.0,Safe
soil-water-monitor-3,6.68,3.7,501.8,Safe
soil-water-monitor-1,7.04,1.63,161.2,Safe
soil-water-monitor-3,7.53,0.43,240.2,Safe
soil-water-monitor-3,8.42,4.23,329.4,Safe
soil-water-monitor-3,7.19,2.83,312.7,Safe
soil-water-monitor-2,7.22,2.25,254.0,Safe
soil-water-monitor-1,4.17,34.56,2359.3,Critical
soil-water-monitor-2,8.26,4.0,50.3,Safe
soil-water-monitor-2,3.73,119.82,3296.4,Critical
soil-water-monitor-3,6.8,6.98,798.1,Moderate
soil-water-monitor-3,7.46,9.43,684.4,Moderate
soil-water-monitor-2,7.95,1.8,219.6,Safe
soil-water-monitor-2,6.43,5.13,607.3,Moderate
soil-water-monitor-3,7.61,1.23,389.9,Safe
soil-water-monitor-3,4.89,22.35,1180.5,Critical
soil-water-monitor-1,4.28,90.92,1999.7,Critical
soil-water-monitor-2,7.42,1.2,272.4,Safe
soil-water-monitor-1,6.64,8.9,912.1,Moderate
soil-water-monitor-3,7.72,0.68,281.6,Safe
soil-water-monitor-2,7.69,1.42,245.4,Safe
soil-water-monitor-3,7.59,1.88,154.1,Safe
soil-water-monitor-2,7.52,0.61,154.9,Safe
soil-water-monitor-3,5.66,22.36,1221.5,Unsafe
soil-water-monitor-2,5.61,7.54,600.0,Unsafe
soil-water-monitor-1,7.41,0.32,235.0,Safe
soil-water-monitor-2,7.69,3.19,242.0,Safe
soil-water-monitor-2,5.52,32.91,792.5,Unsafe
soil-water-monitor-1,4.86,94.61,3239.5,Critical
soil-water-monitor-2,5.64,156.22,2117.0,Critical
soil-water-monitor-1,6.64,2.67,329.6,Safe
soil-water-monitor-2,6.71,2.94,390.8,Safe
soil-water-monitor-1,7.36,0.86,132.9,Safe
soil-water-monitor-3,6.59,1.6,363.0,Safe
soil-water-monitor-3,6.84,38.34,1362.5,Unsafe
soil-water-monitor-3,6.66,1.51,413.1,Safe
soil-water-monitor-2,4.89,48.87,2444.0,Critical
soil-water-monitor-2,5.67,7.82,327.6,Moderate
soil-water-monitor-3,6.12,17.92,1155.1,Unsafe
soil-water-monitor-2,7.64,1.95,209.4,Safe
soil-water-monitor-1,7.24,6.96,278.0,Safe
soil-water-monitor-2,6.16,7.25,480.0,Moderate
soil-water-monitor-2,6.33,6.01,478.8,Moderate
soil-water-monitor-1,7.64,2.51,267.4,Safe
soil-water-monitor-1,6.23,0.0,309.8,Safe
soil-water-monitor-2,6.14,10.52,648.6,Unsafe
soil-water-monitor-2,6.82,6.69,508.4,Safe
soil-water-monitor-2,6.71,7.36,882.5,Moderate
soil-water-monitor-3,5.49,66.94,3438.6,Critical
soil-water-monitor-3,4.42,85.02,2874.4,Critical
soil-water-monitor-1,5.87,93.05,3236.1,Critical
soil-water-monitor-1,7.26,0.0,529.1,Safe
soil-water-monitor-3,6.43,27.62,1281.8,Unsafe
soil-water-monitor-3,6.18,5.83,698.5,Moderate
soil-water-monitor-2,5.33,15.7,1411.8,Critical
soil-water-monitor-1,7.86,1.42,249.1,Safe
soil-water-monitor-1,3.07,48.63,2851.8,Critical
soil-water-monitor-3,7.25,0.0,291.2,Safe
soil-water-monitor-1,6.63,5.01,591.6,Safe
soil-water-monitor-1,7.74,0.0,675.6,Safe
soil-water-monitor-3,7.29,1.91,618.7,Safe
soil-water-monitor-1,7.77,3.56,387.4,Safe
soil-water-monitor-3,6.05,1.77,648.7,Moderate
soil-water-monitor-3,8.33,4.5,195.4,Safe
soil-water-monitor-3,6.62,25.06,1039.9,Unsafe
soil-water-monitor-3,7.82,0.96,217.4,Safe
soil-water-monitor-1,7.58,0.8,275.0,Safe
soil-water-monitor-2,7.32,0.68,191.4,Safe
soil-water-monitor-3,6.04,9.32,849.4,Unsafe
soil-water-monitor-3,7.45,1.39,359.9,Safe
soil-water-monitor-3,6.81,3.62,432.1,Safe
soil-water-monitor-1,5.76,21.36,1420.7,Unsafe
soil-water-monitor-3,7.47,2.23,349.3,Safe
soil-water-monitor-1,3.45,29.95,1417.3,Critical
soil-water-monitor-2,7.1,12.07,979.1,Moderate
soil-water-monitor-3,7.49,4.78,233.1,Safe
soil-water-monitor-2,7.18,0.7,467.4,Safe
soil-water-monitor-2,6.51,1.06,342.8,Safe
soil-water-monitor-3,6.02,29.37,1272.9,Unsafe
soil-water-monitor-2,7.56,2.08,128.7,Safe
soil-water-monitor-3,2.26,60.99,2434.1,Critical
soil-water-monitor-1,5.67,87.24,2908.8,Critical
soil-water-monitor-3,6.64,3.27,647.8,Moderate
soil-water-monitor-3,5.57,20.81,1533.8,Unsafe
soil-water-monitor-3,7.01,6.69,684.3,Safe
soil-water-monitor-1,7.09,0.4,264.7,Safe
soil-water-monitor-2,7.46,3.39,250.5,Safe
soil-water-monitor-1,6.56,7.18,650.0,Moderate
soil-water-monitor-3,5.49,30.89,1563.9,Unsafe
soil-water-monitor-3,7.52,2.5,295.8,Safe
soil-water-monitor-3,4.95,21.85,1061.6,Critical
soil-water-monitor-2,6.67,10.23,411.5,Moderate
soil-water-monitor-2,8.11,2.25,164.0,Safe
soil-water-monitor-1,6.22,6.1,749.4,Moderate
soil-water-monitor-3,6.78,6.78,913.8,Moderate
soil-water-monitor-2,7.17,0.0,191.9,Safe
soil-water-monitor-2,7.42,1.11,406.1,Safe
soil-water-monitor-2,7.71,3.22,348.7,Safe
soil-water-monitor-2,6.32,6.8,553.2,Moderate
soil-water-monitor-3,6.48,4.65,490.9,Safe
soil-water-monitor-1,6.45,1.31,332.8,Safe
soil-water-monitor-1,7.1,4.05,602.8,Safe
soil-water-monitor-1,5.6,29.7,1581.1,Critical
soil-water-monitor-2,7.06,7.39,620.7,Moderate
soil-water-monitor-1,6.85,4.54,383.7,Safe
soil-water-monitor-3,6.6,8.78,798.3,Moderate
soil-water-monitor-3,,2.01,309.9,Safe
soil-water-monitor-2,6.51,6.16,991.3,Moderate
soil-water-monitor-3,4.56,16.32,1647.1,Critical
soil-water-monitor-2,6.8,3.01,423.4,Safe
soil-water-monitor-2,6.74,4.62,599.8,Moderate
soil-water-monitor-1,6.2,31.34,1445.2,Unsafe
soil-water-monitor-1,4.0,32.02,2268.7,Critical
soil-water-monitor-1,6.95,2.3,460.2,Safe
soil-water-monitor-2,6.61,8.2,634.4,Moderate
soil-water-monitor-3,6.7,1.83,249.3,Safe
soil-water-monitor-2,7.67,0.61,412.7,Safe
soil-water-monitor-2,5.94,26.56,1380.5,Unsafe
soil-water-monitor-1,7.26,5.53,331.7,Safe
soil-water-monitor-3,6.52,9.66,561.0,Moderate
soil-water-monitor-3,7.15,1.31,406.5,Safe
soil-water-monitor-1,7.27,3.76,439.1,Safe
soil-water-monitor-3,7.23,4.42,567.7,Safe
soil-water-monitor-1,7.97,0.0,288.5,Safe
soil-water-monitor-2,7.74,2.4,235.8,Safe
soil-water-monitor-2,7.22,1.23,228.6,Safe
soil-water-monitor-2,7.28,0.39,172.9,Safe
soil-water-monitor-2,5.92,2.18,468.3,Safe
soil-water-monitor-2,5.49,31.31,1471.5,Critical
soil-water-monitor-1,4.0,30.11,2113.6,Critical
soil-water-monitor-3,5.45,52.02,2818.6,Critical
soil-water-monitor-3,5.25,14.39,1126.5,Critical
soil-water-monitor-1,6.03,8.04,552.0,Unsafe
soil-water-monitor-1,7.37,5.23,747.6,Moderate
soil-water-monitor-2,6.79,5.44,687.5,Moderate
soil-water-monitor-2,6.5,5.62,674.4,Moderate
soil-water-monitor-3,6.41,6.57,750.2,Moderate
soil-water-monitor-3,6.68,5.07,635.4,Moderate
soil-water-monitor-3,7.72,2.59,331.7,Safe
soil-water-monitor-3,7.5,1.94,239.7,Safe
soil-water-monitor-1,6.52,8.64,1047.9,Moderate
soil-water-monitor-1,4.04,100.54,1887.8,Critical
soil-water-monitor-2,4.47,89.86,1685.7,Critical
soil-water-monitor-3,5.17,37.48,1344.2,Critical
soil-water-monitor-2,6.82,1.56,349.3,Safe
soil-water-monitor-3,6.86,4.77,526.4,Safe
soil-water-monitor-1,7.43,2.7,340.6,Safe
soil-water-monitor-1,4.91,18.5,1090.6,Critical
soil-water-monitor-3,7.69,0.74,216.8,Safe
soil-water-monitor-2,4.58,18.21,973.3,Unsafe
soil-water-monitor-3,4.15,86.76,2509.5,Critical
soil-water-monitor-2,7.0,5.24,241.6,Safe
soil-water-monitor-3,8.26,1.77,405.3,Safe
soil-water-monitor-2,6.72,4.93,622.6,Moderate
soil-water-monitor-1,5.35,5.38,889.5,Unsafe
soil-water-monitor-1,7.16,2.7,165.3,Safe
soil-water-monitor-2,7.58,2.39,186.3,Safe
soil-water-monitor-1,7.64,1.03,214.5,Safe
soil-water-monitor-2,6.68,8.24,696.3,Moderate
soil-water-monitor-3,6.31,2.36,525.5,Safe
soil-water-monitor-2,6.2,25.7,1048.5,Unsafe
soil-water-monitor-1,5.75,40.01,1312.0,Unsafe
soil-water-monitor-1,4.46,24.79,1328.8,Critical
soil-water-monitor-3,7.3,3.11,250.8,Safe
soil-water-monitor-2,6.89,0.93,350.6,Safe
soil-water-monitor-2,6.62,1.65,391.8,Safe
soil-water-monitor-3,6.11,11.03,1120.3,Unsafe
soil-water-monitor-1,6.82,5.87,784.5,Moderate
soil-water-monitor-2,7.13,6.15,450.3,Safe
soil-water-monitor-3,7.56,3.32,231.2,Safe
soil-water-monitor-3,5.53,12.03,1623.1,Unsafe
soil-water-monitor-3,5.97,19.8,2030.3,Critical
soil-water-monitor-1,6.85,57.05,1913.8,Unsafe
soil-water-monitor-1,6.21,2.79,545.6,Safe
soil-water-monitor-1,6.5,7.84,612.5,Moderate
soil-water-monitor-1,5.49,31.03,1430.3,Unsafe
soil-water-monitor-2,7.68,4.28,240.2,Safe
soil-water-monitor-3,7.15,6.77,538.4,Moderate
soil-water-monitor-2,7.52,1.01,258.3,Safe
soil-water-monitor-2,7.12,4.17,188.0,Safe
soil-water-monitor-3,5.27,19.6,1310.7,Critical
soil-water-monitor-1,6.15,10.67,1012.0,Unsafe
soil-water-monitor-2,5.39,55.7,1439.6,Critical
soil-water-monitor-3,7.65,0.29,158.7,Safe
soil-water-monitor-3,7.24,1.86,324.1,Safe
soil-water-monitor-3,7.45,5.24,639.9,Moderate
soil-water-monitor-3,6.42,5.92,805.3,Moderate
soil-water-monitor-1,7.07,1.1,202.5,Safe
soil-water-monitor-3,7.63,0.0,348.8,Safe
soil-water-monitor-1,7.28,3.51,242.8,Safe
soil-water-monitor-1,7.06,1.92,282.0,Safe
soil-water-monitor-3,7.0,0.85,324.9,Safe
soil-water-monitor-1,5.13,24.96,1772.9,Critical
soil-water-monitor-2,6.65,9.52,1108.2,Moderate
soil-water-monitor-3,7.97,1.99,403.3,Safe
soil-water-monitor-2,7.17,2.94,554.6,Safe
soil-water-monitor-1,5.53,23.78,1413.0,Unsafe
soil-water-monitor-1,7.05,58.05,2931.0,Unsafe
soil-water-monitor-2,5.28,12.31,1146.3,Unsafe
soil-water-monitor-1,5.92,22.37,1095.8,Unsafe
soil-water-monitor-3,7.16,3.88,289.1,Safe
soil-water-monitor-3,7.21,5.63,847.9,Moderate
soil-water-monitor-3,7.38,1.75,279.8,Safe
soil-water-monitor-2,5.48,20.17,1551.7,Critical
soil-water-monitor-3,6.73,3.1,139.6,Safe
soil-water-monitor-3,3.81,89.21,3641.3,Critical
soil-water-monitor-3,7.06,7.11,630.3,Moderate
soil-water-monitor-1,6.92,2.93,268.7,Safe
soil-water-monitor-2,6.36,5.58,702.7,Moderate
soil-water-monitor-1,7.12,8.38,787.9,Moderate
soil-water-monitor-3,5.75,16.55,681.1,Unsafe
soil-water-monitor-1,6.47,7.82,516.3,Moderate
soil-water-monitor-2,7.75,3.26,425.8,Safe
soil-water-monitor-2,7.35,1.13,536.3,Safe
soil-water-monitor-2,6.08,8.56,946.0,Moderate
soil-water-monitor-3,7.38,2.16,282.4,Safe
soil-water-monitor-3,5.68,30.68,1237.2,Unsafe
soil-water-monitor-1,5.54,11.57,1779.0,Unsafe
soil-water-monitor-3,7.04,10.93,889.4,Moderate
soil-water-monitor-1,6.75,0.63,249.3,Safe
soil-water-monitor-2,7.52,0.48,388.6,Safe
soil-water-monitor-2,4.88,44.6,1142.0,Critical
soil-water-monitor-3,6.34,8.22,777.2,Moderate
soil-water-monitor-3,,0.9,293.7,Safe
soil-water-monitor-2,7.19,9.63,688.5,Moderate
soil-water-monitor-2,6.13,4.35,525.8,Moderate
soil-water-monitor-3,6.2,49.51,1512.6,Unsafe
soil-water-monitor-2,6.38,5.84,616.2,Moderate
soil-water-monitor-3,6.88,1.51,210.6,Safe
soil-water-monitor-3,6.97,1.89,162.5,Safe
soil-water-monitor-1,7.79,7.49,822.7,Moderate
soil-water-monitor-3,7.41,0.0,256.3,Safe
soil-water-monitor-1,6.7,10.26,906.3,Moderate
soil-water-monitor-3,6.99,1.33,185.6,Safe
soil-water-monitor-1,7.07,4.61,256.4,Safe
soil-water-monitor-2,5.4,14.93,1828.5,Critical
soil-water-monitor-3,6.02,10.15,475.5,Moderate
soil-water-monitor-2,5.14,41.76,2595.4,Critical
soil-water-monitor-2,6.67,85.99,1968.5,Unsafe
soil-water-monitor-2,7.39,3.87,304.6,Safe
soil-water-monitor-3,7.37,5.26,341.1,Safe
soil-water-monitor-1,7.16,2.07,409.5,Safe
soil-water-monitor-3,6.92,7.66,598.6,Moderate
soil-water-monitor-2,6.59,5.09,784.0,Moderate
soil-water-monitor-1,4.79,10.52,1253.5,Critical
soil-water-monitor-1,6.2,8.4,809.6,Moderate
soil-water-monitor-2,7.99,2.18,382.8,Safe
soil-water-monitor-2,5.22,61.1,2050.8,Critical
soil-water-monitor-1,7.62,3.64,226.6,Safe
soil-water-monitor-2,6.31,20.76,1114.2,Unsafe
soil-water-monitor-2,6.14,8.84,776.5,Unsafe
soil-water-monitor-1,6.56,5.67,927.6,Moderate
soil-water-monitor-1,6.69,9.56,822.7,Moderate
soil-water-monitor-3,5.88,29.9,1222.9,Unsafe
soil-water-monitor-3,7.3,2.27,201.5,Safe
soil-water-monitor-3,7.37,4.21,695.6,Moderate
soil-water-monitor-1,7.23,1.89,430.4,Safe
soil-water-monitor-1,6.47,26.44,626.0,Moderate
soil-water-monitor-1,6.2,11.53,968.9,Unsafe
soil-water-monitor-3,7.22,1.75,318.2,Safe
soil-water-monitor-3,6.97,0.58,200.1,Safe
soil-water-monitor-3,4.17,89.66,3727.1,Critical
soil-water-monitor-2,5.95,13.25,677.2,Unsafe
soil-water-monitor-2,7.53,3.45,284.5,Safe
soil-water-monitor-1,5.13,43.21,1025.3,Critical
soil-water-monitor-1,6.45,15.59,1357.4,Unsafe
soil-water-monitor-1,7.65,3.52,258.7,Safe
soil-water-monitor-1,6.32,27.31,1131.3,Unsafe
soil-water-monitor-2,7.39,6.71,381.0,Safe
soil-water-monitor-2,5.83,6.54,824.1,Unsafe
soil-water-monitor-1,7.1,1.91,258.1,Safe
soil-water-monitor-2,6.5,7.01,574.6,Moderate
soil-water-monitor-3,6.74,0.7,257.8,Safe
soil-water-monitor-3,5.64,28.88,3050.5,Critical
soil-water-monitor-1,7.68,4.79,375.7,Safe
soil-water-monitor-3,,80.5,1208.4,Unsafe
soil-water-monitor-1,7.22,0.32,268.1,Safe
soil-water-monitor-1,7.34,1.72,270.6,Safe
soil-water-monitor-3,6.84,14.51,843.2,Moderate
soil-water-monitor-2,6.94,1.6,245.7,Safe
soil-water-monitor-2,7.55,3.3,211.6,Safe
soil-water-monitor-1,7.39,2.7,280.0,Safe
soil-water-monitor-3,7.19,2.56,89.5,Safe
soil-water-monitor-3,7.28,3.47,324.8,Safe
soil-water-monitor-3,6.54,1.89,336.3,Safe
soil-water-monitor-3,4.98,24.09,815.9,Unsafe
soil-water-monitor-3,6.46,13.11,896.7,Unsafe
soil-water-monitor-3,7.17,3.08,311.9,Safe
soil-water-monitor-3,7.03,1.9,337.5,Safe
soil-water-monitor-1,7.23,3.69,364.6,Safe
soil-water-monitor-1,7.37,28.76,1350.0,Unsafe
soil-water-monitor-3,4.99,22.53,950.9,Unsafe
soil-water-monitor-2,6.01,12.08,678.9,Unsafe
soil-water-monitor-1,5.8,6.08,559.9,Moderate
soil-water-monitor-3,7.07,3.37,412.9,Safe
soil-water-monitor-2,9.08,122.68,2882.7,Critical
soil-water-monitor-2,4.97,133.22,2062.6,Critical
soil-water-monitor-3,6.31,8.7,552.3,Moderate
soil-water-monitor-3,4.99,52.37,2957.6,Critical
soil-water-monitor-2,7.43,0.37,347.2,Safe
soil-water-monitor-2,6.43,12.48,1140.0,Unsafe
soil-water-monitor-3,6.25,0.0,230.2,Safe
soil-water-monitor-2,7.77,2.97,200.5,Safe
soil-water-monitor-1,7.09,3.0,262.1,Safe
soil-water-monitor-2,6.25,20.92,1480.6,Unsafe
soil-water-monitor-1,6.35,4.09,462.5,Safe
soil-water-monitor-2,7.18,1.54,466.8,Safe
soil-water-monitor-2,6.37,6.95,774.6,Moderate
soil-water-monitor-3,6.48,4.2,314.1,Safe
soil-water-monitor-1,7.68,4.58,347.0,Safe
soil-water-monitor-3,7.38,0.3,387.6,Safe
soil-water-monitor-3,7.58,3.68,298.1,Safe
soil-water-monitor-3,6.7,11.05,756.0,Moderate
soil-water-monitor-1,6.81,8.41,556.2,Moderate
soil-water-monitor-1,8.34,1.86,226.5,Safe
soil-water-monitor-2,7.05,9.19,537.7,Moderate
soil-water-monitor-2,7.38,3.04,187.6,Safe
soil-water-monitor-2,7.07,3.26,217.5,Safe
soil-water-monitor-2,7.13,4.07,203.5,Safe
soil-water-monitor-1,5.98,41.42,1262.4,Unsafe
soil-water-monitor-3,7.13,3.18,186.0,Safe
soil-water-monitor-2,5.22,20.67,1873.5,Critical
soil-water-monitor-3,6.6,6.62,736.4,Moderate
soil-water-monitor-2,7.39,0.49,357.0,Safe
soil-water-monitor-2,6.58,31.34,1458.7,Unsafe
soil-water-monitor-2,4.32,32.43,2960.1,Critical
soil-water-monitor-1,7.49,1.57,331.1,Safe
soil-water-monitor-2,7.66,2.3,289.0,Safe
soil-water-monitor-3,6.53,2.55,180.8,Safe
soil-water-monitor-1,7.07,1.74,311.1,Safe
soil-water-monitor-1,6.73,6.31,761.6,Moderate
soil-water-monitor-2,6.67,4.54,806.0,Moderate
soil-water-monitor-1,5.83,17.74,1985.5,Unsafe
soil-water-monitor-2,4.82,41.86,1170.9,Critical
soil-water-monitor-3,5.63,17.96,2023.4,Critical
soil-water-monitor-2,7.05,4.55,453.3,Safe
soil-water-monitor-1,6.06,3.82,754.6,Moderate
soil-water-monitor-1,6.75,7.86,809.2,Moderate
soil-water-monitor-1,4.12,55.56,2575.7,Critical
soil-water-monitor-3,7.27,1.44,290.2,Safe
soil-water-monitor-3,6.92,5.78,864.4,Moderate
soil-water-monitor-3,7.58,28.8,1586.7,Unsafe
soil-water-monitor-2,3.58,37.13,2100.3,Critical
soil-water-monitor-2,4.07,87.36,2067.5,Critical
soil-water-monitor-1,6.83,1.53,165.6,Safe
soil-water-monitor-1,7.96,0.0,292.6,Safe
soil-water-monitor-2,7.49,0.39,193.9,Safe
soil-water-monitor-1,3.08,316.2,5169.7,Critical
soil-water-monitor-2,6.6,8.71,536.5,Moderate
soil-water-monitor-2,7.39,3.2,325.7,Safe
soil-water-monitor-1,7.21,3.65,269.1,Safe
soil-water-monitor-2,6.66,5.98,789.1,Safe
soil-water-monitor-2,7.9,0.43,481.4,Safe
soil-water-monitor-3,4.57,93.32,2434.4,Critical
soil-water-monitor-2,5.36,118.74,3214.1,Critical
soil-water-monitor-2,6.8,2.84,261.5,Safe
soil-water-monitor-3,7.28,1.56,230.6,Safe
soil-water-monitor-1,7.94,0.56,168.1,Safe
soil-water-monitor-1,7.46,7.16,214.8,Safe
soil-water-monitor-1,6.31,112.52,3083.9,Critical
soil-water-monitor-1,6.81,1.39,456.2,Safe
soil-water-monitor-1,5.32,4.95,827.9,Unsafe
soil-water-monitor-3,5.49,77.86,2223.8,Critical
soil-water-monitor-2,7.33,2.18,310.9,Safe
soil-water-monitor-2,6.12,3.51,645.4,Moderate
soil-water-monitor-1,6.03,6.12,840.2,Unsafe
soil-water-monitor-1,6.8,0.33,387.4,Safe
soil-water-monitor-2,,3.42,293.2,Safe
soil-water-monitor-2,5.6,43.44,1405.3,Unsafe
soil-water-monitor-3,6.06,95.27,3002.2,Critical
soil-water-monitor-3,7.28,9.48,809.3,Moderate
soil-water-monitor-2,6.33,2.16,423.1,Safe
soil-water-monitor-2,7.43,2.94,115.3,Safe
soil-water-monitor-3,6.78,10.48,805.4,Moderate
soil-water-monitor-2,7.42,1.89,375.9,Safe
soil-water-monitor-1,,20.6,1058.9,Critical
soil-water-monitor-1,7.67,1.62,110.2,Safe
soil-water-monitor-2,7.62,0.0,80.7,Safe
soil-water-monitor-3,5.27,25.46,1914.8,Critical
soil-water-monitor-3,7.38,3.89,286.2,Safe
soil-water-monitor-1,6.44,3.1,626.9,Moderate
soil-water-monitor-1,3.84,28.39,1800.6,Critical
soil-water-monitor-1,5.24,35.58,1638.7,Critical
soil-water-monitor-3,6.13,4.07,881.5,Moderate
soil-water-monitor-3,6.52,1.56,381.6,Safe
soil-water-monitor-3,5.26,21.7,1390.8,Critical
soil-water-monitor-3,6.9,1.17,229.5,Safe
soil-water-monitor-2,6.71,12.29,755.6,Moderate
soil-water-monitor-2,6.87,1.43,257.2,Safe
soil-water-monitor-1,7.4,1.33,347.7,Safe
soil-water-monitor-2,5.58,22.14,1940.4,Unsafe
soil-water-monitor-1,5.6,9.62,866.3,Unsafe
soil-water-monitor-1,6.63,10.91,600.0,Unsafe
soil-water-monitor-2,6.54,108.28,2231.0,Unsafe
soil-water-monitor-2,6.67,1.86,273.8,Safe
soil-water-monitor-3,7.19,2.24,302.4,Safe
soil-water-monitor-2,6.94,2.83,877.6,Safe
soil-water-monitor-1,5.97,22.56,4024.9,Critical
soil-water-monitor-3,7.45,4.33,194.4,Safe
soil-water-monitor-2,6.87,0.57,309.5,Safe
soil-water-monitor-1,7.65,1.17,194.2,Safe
soil-water-monitor-2,6.08,3.98,571.1,Moderate
soil-water-monitor-3,7.51,1.08,319.2,Safe
soil-water-monitor-3,6.52,0.22,456.7,Safe
soil-water-monitor-1,6.54,7.61,407.1,Moderate
soil-water-monitor-3,7.14,0.38,193.3,Safe
soil-water-monitor-3,6.23,5.55,631.2,Moderate
soil-water-monitor-3,6.24,4.63,506.3,Safe
soil-water-monitor-3,7.34,0.58,436.2,Safe
soil-water-monitor-3,,2.46,348.6,Safe
soil-water-monitor-1,6.78,27.79,1898.0,Unsafe
soil-water-monitor-1,7.45,1.77,324.2,Safe
soil-water-monitor-2,6.67,7.5,692.8,Moderate
soil-water-monitor-3,6.81,4.91,415.6,Safe
soil-water-monitor-2,6.32,7.54,643.5,Moderate
soil-water-monitor-3,4.54,49.9,1817.3,Critical
soil-water-monitor-3,6.01,10.05,1221.6,Unsafe
soil-water-monitor-3,6.84,9.35,369.6,Safe
soil-water-monitor-2,7.56,0.0,361.5,Safe
soil-water-monitor-2,8.04,1.3,290.1,Safe
soil-water-monitor-1,8.1,4.42,570.9,Safe
soil-water-monitor-1,6.92,4.26,507.5,Safe
soil-water-monitor-3,6.59,9.8,660.2,Moderate
soil-water-monitor-3,7.71,0.0,542.6,Safe
soil-water-monitor-3,5.63,25.33,2351.1,Critical
soil-water-monitor-2,6.93,1.57,453.1,Safe
soil-water-monitor-3,4.13,74.36,2437.0,Critical
soil-water-monitor-1,7.14,1.06,279.4,Safe
soil-water-monitor-1,,5.06,299.2,Safe
soil-water-monitor-1,5.77,25.03,2047.1,Unsafe
soil-water-monitor-3,6.05,5.94,685.5,Unsafe
soil-water-monitor-3,5.43,9.71,2197.8,Critical
soil-water-monitor-3,7.96,2.9,291.8,Safe
soil-water-monitor-2,6.41,9.74,666.9,Moderate
soil-water-monitor-2,5.21,12.81,1211.2,Critical
soil-water-monitor-1,6.86,7.89,621.6,Moderate
soil-water-monitor-1,7.07,4.12,356.4,Safe
soil-water-monitor-2,5.86,28.73,1716.3,Unsafe
soil-water-monitor-2,8.04,4.35,275.3,Safe
soil-water-monitor-1,6.81,35.14,956.6,Moderate
soil-water-monitor-2,6.78,8.29,1145.4,Moderate
soil-water-monitor-1,6.74,6.07,568.1,Safe
soil-water-monitor-2,7.11,4.58,475.3,Safe
soil-water-monitor-1,6.65,1.57,367.3,Safe
soil-water-monitor-3,7.37,4.81,239.0,Safe
soil-water-monitor-1,5.71,20.7,1763.9,Unsafe
soil-water-monitor-2,6.45,3.08,625.6,Moderate
soil-water-monitor-3,7.35,2.23,172.4,Safe
soil-water-monitor-3,7.95,3.28,822.4,Safe
soil-water-monitor-3,6.88,22.16,1468.8,Unsafe
soil-water-monitor-2,6.18,16.92,1387.1,Unsafe
soil-water-monitor-1,6.04,4.26,480.6,Moderate
soil-water-monitor-1,6.93,7.19,826.6,Moderate
soil-water-monitor-1,8.14,0.6,382.1,Safe
soil-water-monitor-2,7.59,0.47,167.3,Safe
soil-water-monitor-1,7.09,3.0,295.9,Safe
soil-water-monitor-2,6.93,2.72,279.1,Safe
soil-water-monitor-3,5.19,82.69,1396.1,Critical
soil-water-monitor-2,6.75,8.46,383.7,Safe
soil-water-monitor-3,6.45,1.23,284.8,Safe
soil-water-monitor-2,5.96,2.85,520.8,Moderate
soil-water-monitor-3,4.66,104.89,4040.9,Critical
soil-water-monitor-3,6.56,4.06,640.1,Moderate
soil-water-monitor-3,4.97,51.59,1508.6,Critical
soil-water-monitor-3,6.37,9.05,716.3,Moderate
soil-water-monitor-1,7.09,2.85,153.6,Safe
soil-water-monitor-3,6.11,36.44,1005.2,Unsafe
soil-water-monitor-3,7.51,0.0,302.3,Safe
soil-water-monitor-1,7.09,2.53,141.4,Safe
soil-water-monitor-3,7.75,1.05,187.6,Safe
soil-water-monitor-3,5.19,41.75,1828.7,Critical
soil-water-monitor-2,7.38,0.88,242.6,Safe
soil-water-monitor-1,7.25,6.19,362.2,Safe
soil-water-monitor-1,6.24,8.64,639.1,Unsafe
soil-water-monitor-1,7.76,3.36,151.2,Safe
soil-water-monitor-3,5.86,5.12,525.1,Moderate
soil-water-monitor-2,6.99,1.9,178.0,Safe
soil-water-monitor-2,3.3,74.33,3132.1,Critical
soil-water-monitor-1,7.49,3.02,323.4,Safe
soil-water-monitor-3,6.95,0.28,238.4,Safe
soil-water-monitor-2,3.31,27.98,1986.7,Critical
soil-water-monitor-3,5.67,5.01,534.8,Moderate
soil-water-monitor-3,6.66,4.61,626.4,Safe
soil-water-monitor-2,6.19,7.0,629.9,Moderate
soil-water-monitor-1,6.88,1.15,374.5,Safe
soil-water-monitor-1,7.11,25.33,1714.2,Unsafe
soil-water-monitor-2,5.32,88.15,3063.0,Critical
soil-water-monitor-3,7.59,1.85,144.7,Safe
soil-water-monitor-1,6.86,0.72,169.4,Safe
soil-water-monitor-3,6.63,2.73,583.6,Moderate
soil-water-monitor-1,6.14,3.36,667.5,Moderate
soil-water-monitor-3,6.78,5.85,474.6,Safe
soil-water-monitor-2,6.64,7.19,916.8,Moderate
soil-water-monitor-2,,1.92,241.3,Safe
soil-water-monitor-1,7.06,4.12,141.2,Safe
soil-water-monitor-2,7.23,0.1,694.1,Safe
soil-water-monitor-2,5.73,19.4,1191.2,Unsafe
soil-water-monitor-1,7.44,2.49,184.6,Safe
soil-water-monitor-2,7.03,1.65,466.0,Safe
soil-water-monitor-1,7.15,1.83,395.4,Safe
soil-water-monitor-1,5.46,6.08,373.1,Moderate
soil-water-monitor-2,6.74,0.02,342.1,Safe
soil-water-monitor-1,6.61,4.15,275.4,Safe
soil-water-monitor-1,5.89,10.56,588.5,Unsafe
soil-water-monitor-3,7.14,8.97,953.9,Moderate
soil-water-monitor-1,7.7,2.15,241.8,Safe
soil-water-monitor-2,7.98,4.88,106.8,Safe
soil-water-monitor-1,6.23,3.87,706.1,Moderate
soil-water-monitor-1,7.8,2.91,301.6,Safe
soil-water-monitor-1,7.01,2.1,255.2,Safe
soil-water-monitor-2,6.95,10.81,1522.5,Unsafe
soil-water-monitor-3,,5.53,866.3,Moderate
soil-water-monitor-2,7.12,11.56,1071.0,Unsafe
soil-water-monitor-1,7.92,1.78,289.3,Safe
soil-water-monitor-3,7.62,22.93,1789.0,Unsafe
soil-water-monitor-3,3.58,39.3,2677.8,Critical
soil-water-monitor-2,7.37,0.96,411.1,Safe
soil-water-monitor-1,7.42,2.94,354.8,Safe
soil-water-monitor-3,7.57,2.5,522.6,Safe
soil-water-monitor-2,6.78,4.08,221.5,Safe
soil-water-monitor-1,5.35,38.1,1339.4,Critical
soil-water-monitor-3,4.91,6.93,1277.4,Unsafe
soil-water-monitor-1,7.64,2.17,413.4,Safe
soil-water-monitor-2,7.29,1.57,315.0,Safe
soil-water-monitor-1,6.35,25.06,2379.5,Unsafe
soil-water-monitor-2,6.63,0.63,166.3,Safe
soil-water-monitor-2,6.68,9.46,616.1,Moderate
soil-water-monitor-2,6.79,45.19,1471.1,Unsafe
soil-water-monitor-3,5.59,15.3,1471.3,Critical
soil-water-monitor-1,5.84,34.93,1114.5,Unsafe
soil-water-monitor-1,7.14,1.85,189.9,Safe
soil-water-monitor-3,6.15,11.81,697.9,Unsafe
soil-water-monitor-3,7.72,0.76,329.8,Safe
soil-water-monitor-3,6.66,0.08,161.0,Safe
soil-water-monitor-3,7.29,0.0,265.7,Safe
soil-water-monitor-3,7.53,3.48,353.1,Safe
soil-water-monitor-3,3.32,64.64,1842.6,Critical
soil-water-monitor-2,7.09,1.81,217.4,Safe
soil-water-monitor-2,7.04,26.72,1261.1,Unsafe
soil-water-monitor-1,8.14,2.81,267.0,Safe
soil-water-monitor-1,7.64,4.82,189.7,Safe
soil-water-monitor-3,6.87,9.83,630.7,Moderate
soil-water-monitor-2,7.13,0.0,181.3,Safe
soil-water-monitor-3,6.49,9.36,592.1,Moderate
soil-water-monitor-2,6.66,2.96,208.3,Safe
soil-water-monitor-2,6.46,6.72,883.9,Moderate
soil-water-monitor-3,5.29,20.11,1156.2,Unsafe
soil-water-monitor-1,7.01,7.57,927.8,Moderate
soil-water-monitor-3,3.27,49.38,1604.6,Critical
soil-water-monitor-3,4.58,36.85,2596.0,Critical
soil-water-monitor-2,6.69,69.02,1989.7,Unsafe
soil-water-monitor-2,6.35,3.25,499.2,Moderate
soil-water-monitor-1,6.24,10.66,1523.2,Unsafe
soil-water-monitor-2,6.85,0.27,472.7,Safe
soil-water-monitor-3,6.88,5.84,775.7,Moderate
soil-water-monitor-1,6.17,11.42,1782.3,Unsafe
soil-water-monitor-2,7.28,4.56,341.5,Safe
soil-water-monitor-2,,19.87,665.8,Unsafe
soil-water-monitor-1,7.24,2.5,437.4,Safe
soil-water-monitor-1,6.73,5.57,453.3,Safe
soil-water-monitor-3,3.88,92.04,2784.2,Critical
soil-water-monitor-3,7.76,3.08,334.9,Safe
soil-water-monitor-2,7.14,6.29,320.4,Safe
soil-water-monitor-3,7.49,1.56,419.7,Safe
soil-water-monitor-2,7.5,6.09,527.7,Moderate
soil-water-monitor-2,7.29,1.14,354.8,Safe
soil-water-monitor-3,6.37,12.72,1020.7,Unsafe
soil-water-monitor-2,7.48,2.58,354.7,Safe
soil-water-monitor-2,6.89,10.53,445.4,Moderate
soil-water-monitor-1,7.06,1.34,252.8,Safe
soil-water-monitor-2,7.55,9.9,503.7,Moderate
soil-water-monitor-1,6.95,2.1,363.7,Safe
soil-water-monitor-2,5.5,6.18,815.2,Unsafe
soil-water-monitor-3,7.35,8.11,623.2,Moderate
soil-water-monitor-2,5.85,6.5,586.4,Unsafe
soil-water-monitor-2,6.52,4.81,171.5,Safe
soil-water-monitor-3,6.0,22.22,954.1,Unsafe
soil-water-monitor-3,7.62,2.7,226.5,Safe
soil-water-monitor-3,6.56,6.14,621.0,Moderate
soil-water-monitor-2,7.51,0.17,275.1,Safe
soil-water-monitor-1,7.39,4.03,553.2,Moderate
soil-water-monitor-3,7.79,1.55,283.6,Safe
soil-water-monitor-2,6.65,5.22,831.6,Safe
soil-water-monitor-3,5.21,12.33,1329.0,Critical
soil-water-monitor-1,7.09,0.66,276.1,Safe
soil-water-monitor-3,7.22,3.26,287.7,Safe
soil-water-monitor-2,7.35,1.56,222.4,Safe
soil-water-monitor-2,6.8,5.06,955.2,Moderate
soil-water-monitor-3,5.25,122.66,1734.1,Critical
soil-water-monitor-2,,6.41,775.7,Moderate
soil-water-monitor-2,6.24,45.77,1296.7,Unsafe
soil-water-monitor-3,8.14,3.25,226.8,Safe
soil-water-monitor-2,5.23,27.64,1057.7,Critical
soil-water-monitor-3,7.01,1.85,300.0,Safe
soil-water-monitor-1,6.47,8.69,508.8,Moderate
soil-water-monitor-3,7.37,6.03,185.1,Safe
soil-water-monitor-1,7.43,7.29,899.5,Moderate
soil-water-monitor-1,7.56,1.46,350.6,Safe
soil-water-monitor-3,7.07,7.23,477.8,Safe
soil-water-monitor-2,6.27,4.02,632.2,Moderate
soil-water-monitor-3,6.19,5.95,579.8,Moderate
soil-water-monitor-1,7.39,2.09,231.7,Safe
soil-water-monitor-1,6.78,1.95,220.3,Safe
soil-water-monitor-1,5.94,5.36,479.0,Moderate
soil-water-monitor-1,6.61,1.33,183.9,Safe
soil-water-monitor-3,7.32,0.0,319.0,Safe
soil-water-monitor-3,7.4,0.0,214.7,Safe
soil-water-monitor-3,7.15,0.52,187.4,Safe
soil-water-monitor-3,7.13,0.75,218.3,Safe
soil-water-monitor-1,7.16,1.57,170.1,Safe
soil-water-monitor-1,6.67,18.79,1546.3,Unsafe
soil-water-monitor-2,3.79,78.26,3063.2,Critical
soil-water-monitor-2,5.83,10.29,416.3,Moderate
soil-water-monitor-3,7.28,2.69,225.4,Safe
soil-water-monitor-3,7.29,4.16,515.6,Safe
soil-water-monitor-2,7.46,2.76,268.3,Safe
soil-water-monitor-2,7.36,5.88,576.3,Moderate
soil-water-monitor-3,7.21,3.94,212.6,Safe
soil-water-monitor-3,6.78,1.54,234.6,Safe
soil-water-monitor-3,5.73,19.38,1410.9,Unsafe
soil-water-monitor-3,6.4,11.46,744.8,Unsafe
soil-water-monitor-1,6.66,6.17,830.0,Moderate
soil-water-monitor-2,7.22,2.78,247.0,Safe
soil-water-monitor-1,6.42,1.81,217.3,Safe
soil-water-monitor-2,7.16,5.06,399.2,Safe
soil-water-monitor-2,6.12,4.85,694.1,Moderate
soil-water-monitor-2,6.86,15.08,1373.1,Unsafe
soil-water-monitor-2,6.68,25.96,1231.7,Unsafe
soil-water-monitor-1,6.75,1.71,235.5,Safe
soil-water-monitor-1,6.58,3.63,324.8,Safe
soil-water-monitor-3,6.34,8.6,824.8,Moderate
soil-water-monitor-1,7.26,1.01,350.1,Safe
soil-water-monitor-1,3.86,26.32,1310.0,Critical
soil-water-monitor-3,3.04,93.05,3457.6,Critical
soil-water-monitor-1,5.35,2.3,458.9,Moderate
soil-water-monitor-1,5.46,10.62,1181.3,Critical
soil-water-monitor-1,7.13,9.6,445.4,Safe
soil-water-monitor-3,7.39,3.62,353.1,Safe
soil-water-monitor-1,6.67,6.94,686.6,Moderate
soil-water-monitor-1,7.51,2.2,291.6,Safe
soil-water-monitor-2,6.99,7.32,492.0,Moderate
soil-water-monitor-3,7.56,3.78,367.0,Safe
soil-water-monitor-3,6.66,7.35,865.8,Moderate
soil-water-monitor-1,6.32,11.23,1121.7,Unsafe
soil-water-monitor-3,5.78,3.45,569.5,Unsafe
soil-water-monitor-1,7.25,5.1,218.9,Safe
soil-water-monitor-3,6.71,20.25,1498.6,Unsafe
soil-water-monitor-2,7.25,7.26,610.6,Moderate
soil-water-monitor-1,6.92,5.62,864.5,Moderate
soil-water-monitor-3,7.76,0.85,341.2,Safe
soil-water-monitor-1,6.21,23.66,1695.2,Unsafe
soil-water-monitor-2,6.73,5.71,691.2,Moderate
soil-water-monitor-3,6.99,1.26,339.6,Safe
soil-water-monitor-2,6.76,3.36,279.2,Safe
soil-water-monitor-2,6.77,1.3,394.1,Safe
soil-water-monitor-3,4.26,28.7,1130.0,Critical
soil-water-monitor-1,5.63,21.92,1572.9,Unsafe
soil-water-monitor-3,7.12,2.29,204.2,Safe
soil-water-monitor-1,6.76,8.99,859.0,Moderate
soil-water-monitor-1,6.33,3.58,660.0,Moderate
soil-water-monitor-3,7.34,7.2,503.7,Safe
soil-water-monitor-1,8.06,0.94,375.7,Safe
soil-water-monitor-3,6.6,2.92,440.3,Safe
soil-water-monitor-3,6.9,1.15,213.9,Safe
soil-water-monitor-2,6.96,3.48,817.2,Safe
soil-water-monitor-1,6.0,7.76,337.2,Moderate
soil-water-monitor-3,7.18,1.91,718.3,Safe
soil-water-monitor-3,7.7,2.85,254.3,Safe
soil-water-monitor-2,6.36,11.24,1059.6,Unsafe
soil-water-monitor-2,7.3,0.99,196.3,Safe
soil-water-monitor-1,7.95,0.63,464.0,Safe
soil-water-monitor-3,6.19,6.34,761.4,Moderate
soil-water-monitor-1,6.07,3.64,433.0,Moderate
soil-water-monitor-3,7.5,7.29,706.6,Moderate
soil-water-monitor-1,7.87,3.12,164.7,Safe
soil-water-monitor-1,5.9,22.69,1578.2,Unsafe
soil-water-monitor-3,7.69,2.21,194.9,Safe
soil-water-monitor-2,6.82,2.81,274.5,Safe
soil-water-monitor-3,7.29,1.82,217.4,Safe
soil-water-monitor-3,5.48,5.31,635.7,Moderate
soil-water-monitor-3,5.21,16.58,1307.3,Critical
soil-water-monitor-2,7.03,1.73,252.3,Safe
soil-water-monitor-3,,15.5,890.7,Unsafe
soil-water-monitor-1,6.17,5.85,724.3,Moderate
soil-water-monitor-1,6.93,7.96,645.2,Moderate
soil-water-monitor-3,7.64,0.0,336.0,Safe
soil-water-monitor-3,4.25,82.19,2063.2,Critical
soil-water-monitor-2,7.06,1.1,593.6,Safe
soil-water-monitor-2,6.25,4.62,555.1,Moderate
soil-water-monitor-1,6.91,0.33,263.5,Safe
soil-water-monitor-2,6.81,0.15,293.1,Safe
soil-water-monitor-3,6.53,4.51,577.9,Moderate
soil-water-monitor-3,6.12,38.22,1933.2,Unsafe
soil-water-monitor-2,7.9,2.72,245.5,Safe
soil-water-monitor-1,7.16,1.8,326.9,Safe
soil-water-monitor-2,7.77,1.62,313.8,Safe
soil-water-monitor-3,7.13,2.88,289.9,Safe
soil-water-monitor-2,7.1,0.76,138.2,Safe
soil-water-monitor-1,7.68,9.1,750.8,Moderate
soil-water-monitor-1,7.15,1.97,366.9,Safe
soil-water-monitor-2,7.46,2.47,237.4,Safe
soil-water-monitor-1,7.08,2.54,338.4,Safe
soil-water-monitor-2,7.5,2.6,378.2,Safe
soil-water-monitor-1,7.86,0.0,262.0,Safe
soil-water-monitor-2,7.68,1.15,475.4,Safe
soil-water-monitor-3,6.44,14.43,1041.7,Unsafe
soil-water-monitor-1,6.99,9.05,573.4,Moderate
soil-water-monitor-1,6.44,6.13,472.9,Moderate
soil-water-monitor-3,4.37,100.18,1737.3,Critical
soil-water-monitor-1,6.53,7.02,723.8,Moderate
soil-water-monitor-2,7.98,0.0,316.1,Safe
soil-water-monitor-3,7.57,0.0,330.9,Safe
soil-water-monitor-3,6.18,5.56,795.2,Moderate
soil-water-monitor-1,6.04,6.8,665.9,Moderate
soil-water-monitor-3,7.48,2.77,293.4,Safe
soil-water-monitor-2,6.86,4.03,213.6,Safe
soil-water-monitor-3,6.79,15.11,1173.5,Unsafe
soil-water-monitor-3,7.77,3.35,302.8,Safe
soil-water-monitor-3,6.7,7.31,629.3,Moderate
soil-water-monitor-3,7.13,6.47,229.7,Safe
soil-water-monitor-3,5.78,22.56,1477.7,Unsafe
soil-water-monitor-2,,1.44,260.3,Safe
soil-water-monitor-3,6.31,3.41,498.0,Moderate
soil-water-monitor-1,7.15,0.0,271.2,Safe
soil-water-monitor-1,8.23,15.42,477.5,Moderate
soil-water-monitor-2,6.51,2.19,260.9,Safe
soil-water-monitor-1,6.46,8.45,591.5,Moderate
soil-water-monitor-2,6.52,5.09,702.2,Moderate
soil-water-monitor-2,6.88,3.77,283.8,Safe
soil-water-monitor-3,7.14,4.74,241.3,Safe
soil-water-monitor-3,5.41,26.49,1104.5,Critical
soil-water-monitor-3,7.56,2.16,377.7,Safe
soil-water-monitor-3,4.27,33.32,926.4,Unsafe
soil-water-monitor-1,6.71,17.11,956.0,Moderate
soil-water-monitor-3,5.49,15.96,1387.3,Critical
soil-water-monitor-3,6.52,11.68,644.7,Moderate
soil-water-monitor-1,5.2,73.45,2686.6,Critical
soil-water-monitor-2,7.52,0.0,313.3,Safe
soil-water-monitor-2,6.47,10.05,1345.7,Unsafe
soil-water-monitor-2,5.44,9.1,1064.2,Critical
soil-water-monitor-2,6.59,6.94,718.5,Moderate
soil-water-monitor-2,5.67,15.32,1507.2,Unsafe
soil-water-monitor-2,4.5,32.39,2002.5,Critical
soil-water-monitor-2,6.06,4.38,803.1,Unsafe
soil-water-monitor-2,6.06,4.2,872.6,Unsafe
soil-water-monitor-1,6.43,7.92,905.3,Moderate
soil-water-monitor-3,4.31,92.99,2166.3,Critical
soil-water-monitor-1,7.2,1.32,240.4,Safe
soil-water-monitor-3,6.37,40.18,1928.5,Unsafe
soil-water-monitor-1,7.99,1.97,365.8,Safe
soil-water-monitor-1,5.32,6.87,712.8,Unsafe
soil-water-monitor-2,7.13,6.11,747.4,Moderate
soil-water-monitor-2,6.38,0.0,679.7,Moderate
soil-water-monitor-1,7.25,4.22,90.9,Safe
soil-water-monitor-2,7.83,3.56,198.0,Safe
soil-water-monitor-2,6.48,4.88,632.7,Moderate
soil-water-monitor-1,6.31,9.78,396.7,Safe
soil-water-monitor-1,5.86,20.75,1356.6,Unsafe
soil-water-monitor-2,5.56,10.69,1450.2,Critical
soil-water-monitor-1,5.25,24.68,1361.3,Critical
soil-water-monitor-1,6.79,6.12,719.1,Moderate
soil-water-monitor-1,7.01,1.95,184.4,Safe
soil-water-monitor-1,7.47,2.48,355.3,Safe
soil-water-monitor-3,8.03,0.02,286.3,Safe
soil-water-monitor-1,7.26,0.77,317.4,Safe
soil-water-monitor-3,7.3,3.07,232.6,Safe
soil-water-monitor-1,6.33,3.56,853.3,Moderate
soil-water-monitor-3,6.98,6.61,866.1,Moderate
soil-water-monitor-3,6.5,10.44,863.0,Moderate
soil-water-monitor-1,6.96,7.45,468.8,Safe
soil-water-monitor-2,5.34,17.25,916.4,Unsafe
soil-water-monitor-2,6.92,7.15,692.4,Moderate
soil-water-monitor-1,6.65,1.79,176.7,Safe
soil-water-monitor-1,7.14,3.61,254.6,Safe
soil-water-monitor-2,5.68,34.29,808.0,Unsafe
soil-water-monitor-2,7.11,31.84,1976.1,Unsafe
soil-water-monitor-1,6.49,2.4,181.7,Safe
soil-water-monitor-1,7.1,0.64,265.7,Safe
soil-water-monitor-3,6.9,0.0,264.7,Safe
soil-water-monitor-3,6.65,2.47,490.3,Safe
soil-water-monitor-1,5.75,64.32,4220.6,Critical
soil-water-monitor-3,4.87,73.13,1972.7,Critical
soil-water-monitor-3,7.18,2.52,367.2,Safe
soil-water-monitor-3,6.35,28.77,1755.5,Unsafe
soil-water-monitor-2,7.09,4.17,190.2,Safe
soil-water-monitor-1,7.48,4.71,560.0,Safe
soil-water-monitor-2,6.63,5.39,286.7,Safe
soil-water-monitor-1,6.94,1.55,258.4,Safe
soil-water-monitor-2,7.59,0.0,275.4,Safe
soil-water-monitor-2,7.65,3.03,175.5,Safe
soil-water-monitor-2,4.91,16.4,1668.4,Critical
soil-water-monitor-2,4.42,83.28,2438.4,Critical
soil-water-monitor-3,7.68,0.0,366.3,Safe
soil-water-monitor-1,6.99,5.24,764.1,Safe
soil-water-monitor-2,6.9,11.64,1449.8,Unsafe
soil-water-monitor-2,5.67,14.44,854.9,Unsafe
soil-water-monitor-1,7.61,4.23,153.3,Safe
soil-water-monitor-1,7.36,0.0,249.2,Safe
soil-water-monitor-1,5.96,14.1,1887.2,Unsafe
soil-water-monitor-1,3.21,69.8,1951.1,Critical
soil-water-monitor-3,7.3,2.45,296.3,Safe
soil-water-monitor-1,7.09,10.02,686.3,Moderate
soil-water-monitor-1,6.11,4.98,713.3,Unsafe
soil-water-monitor-1,6.99,6.83,218.8,Safe
soil-water-monitor-1,6.72,23.95,1505.2,Unsafe
soil-water-monitor-1,6.56,8.5,621.7,Moderate
soil-water-monitor-1,4.85,36.17,1449.3,Critical
soil-water-monitor-3,8.29,1.7,203.6,Safe
soil-water-monitor-2,7.81,9.96,672.8,Moderate
soil-water-monitor-2,7.54,1.7,81.1,Safe
soil-water-monitor-1,7.57,0.0,303.7,Safe
soil-water-monitor-1,7.08,6.23,585.5,Safe
soil-water-monitor-2,7.03,1.96,389.6,Safe
soil-water-monitor-1,7.43,0.0,187.0,Safe
soil-water-monitor-1,6.78,0.08,454.4,Safe
soil-water-monitor-1,6.35,11.2,653.2,Moderate
soil-water-monitor-2,6.64,4.01,668.9,Moderate
soil-water-monitor-1,5.45,13.16,1562.5,Unsafe
soil-water-monitor-1,7.34,5.06,283.1,Safe
soil-water-monitor-2,6.97,0.0,269.9,Safe
soil-water-monitor-2,6.05,3.42,523.8,Moderate
soil-water-monitor-1,7.75,1.94,291.9,Safe
soil-water-monitor-1,7.24,1.94,284.7,Safe
soil-water-monitor-2,5.76,20.4,1310.6,Unsafe
soil-water-monitor-1,6.29,22.3,1443.3,Unsafe
soil-water-monitor-3,4.97,127.84,3621.6,Critical
soil-water-monitor-3,6.26,32.41,1542.1,Unsafe
soil-water-monitor-2,6.84,5.72,970.0,Moderate
soil-water-monitor-2,7.24,1.33,122.7,Safe
soil-water-monitor-1,5.82,12.31,726.3,Unsafe
soil-water-monitor-3,6.48,3.91,984.1,Moderate
soil-water-monitor-3,7.08,1.54,273.7,Safe
soil-water-monitor-2,5.45,34.93,1303.2,Critical
soil-water-monitor-1,6.34,31.17,1449.1,Unsafe
soil-water-monitor-3,5.25,25.66,1694.8,Critical
soil-water-monitor-2,7.18,2.13,217.0,Safe
soil-water-monitor-2,6.91,3.86,613.9,Safe
soil-water-monitor-1,7.01,6.68,792.0,Moderate
soil-water-monitor-2,6.02,22.43,1217.5,Unsafe
soil-water-monitor-2,7.8,3.42,309.7,Safe
soil-water-monitor-1,7.14,24.39,819.6,Moderate
soil-water-monitor-2,6.39,5.66,729.8,Moderate
soil-water-monitor-1,6.23,2.66,813.4,Safe
soil-water-monitor-1,7.83,0.19,183.1,Safe
soil-water-monitor-3,5.35,7.69,650.5,Unsafe
soil-water-monitor-1,8.18,0.07,167.9,Safe
soil-water-monitor-3,6.71,7.01,607.6,Moderate
soil-water-monitor-1,7.1,3.62,316.4,Safe
soil-water-monitor-2,6.83,0.0,408.6,Safe
soil-water-monitor-3,6.9,2.85,251.8,Safe
soil-water-monitor-3,6.83,0.94,244.9,Safe
soil-water-monitor-3,6.87,3.94,754.2,Safe
soil-water-monitor-1,6.25,4.13,696.3,Moderate
soil-water-monitor-3,6.36,1.96,308.5,Safe
soil-water-monitor-3,7.64,0.0,255.4,Safe
soil-water-monitor-2,5.81,12.18,1985.4,Critical
soil-water-monitor-3,5.94,1.15,757.3,Moderate
soil-water-monitor-3,4.63,139.77,3239.5,Critical
soil-water-monitor-1,5.26,54.96,3170.1,Critical
soil-water-monitor-2,6.49,25.78,1333.3,Unsafe
soil-water-monitor-3,7.12,8.5,672.1,Moderate
soil-water-monitor-2,6.83,35.12,1337.8,Unsafe
soil-water-monitor-2,6.91,5.66,569.7,Moderate
soil-water-monitor-1,7.1,4.74,219.1,Safe
soil-water-monitor-2,6.34,14.59,682.6,Unsafe
soil-water-monitor-2,6.88,2.35,260.0,Safe
soil-water-monitor-1,7.48,1.95,281.0,Safe
soil-water-monitor-1,6.68,8.1,879.1,Moderate
soil-water-monitor-3,6.68,8.93,607.6,Moderate
soil-water-monitor-2,7.77,2.13,231.2,Safe
soil-water-monitor-1,7.33,1.93,211.7,Safe
soil-water-monitor-1,7.27,0.42,206.3,Safe
soil-water-monitor-1,7.19,3.65,138.3,Safe
soil-water-monitor-3,5.6,10.55,637.5,Unsafe
soil-water-monitor-1,7.49,1.85,277.1,Safe
soil-water-monitor-2,7.02,3.06,277.8,Safe
soil-water-monitor-1,7.33,3.52,679.9,Safe
soil-water-monitor-2,6.51,0.0,225.9,Safe
soil-water-monitor-2,6.53,6.88,522.5,Moderate
soil-water-monitor-3,5.84,113.53,3334.4,Critical
soil-water-monitor-3,,1.64,386.1,Safe
soil-water-monitor-3,7.3,1.87,364.4,Safe
soil-water-monitor-1,6.99,3.22,368.2,Safe
soil-water-monitor-3,7.48,6.4,606.9,Moderate
soil-water-monitor-1,5.87,26.52,1389.1,Unsafe
soil-water-monitor-3,6.51,24.26,1145.1,Unsafe
soil-water-monitor-2,7.88,0.0,401.2,Safe
soil-water-monitor-2,4.65,30.18,1436.9,Critical
soil-water-monitor-2,7.67,1.86,255.0,Safe
soil-water-monitor-2,5.35,20.81,1024.5,Unsafe
soil-water-monitor-2,6.41,5.76,860.6,Moderate
soil-water-monitor-1,7.09,2.98,365.9,Safe
soil-water-monitor-2,5.65,7.23,675.7,Unsafe
soil-water-monitor-1,7.06,7.1,763.7,Moderate
soil-water-monitor-3,7.93,1.91,343.9,Safe
soil-water-monitor-1,7.13,5.37,666.8,Moderate
soil-water-monitor-3,5.59,89.02,2085.4,Critical
soil-water-monitor-3,7.43,1.99,278.8,Safe
soil-water-monitor-2,6.92,12.45,656.3,Moderate
soil-water-monitor-2,7.23,10.27,990.4,Unsafe
soil-water-monitor-3,5.3,34.13,1504.4,Critical
soil-water-monitor-2,6.9,136.24,2756.3,Unsafe
soil-water-monitor-3,6.92,4.92,698.3,Safe
soil-water-monitor-2,6.44,29.91,1513.8,Unsafe
soil-water-monitor-3,7.28,0.19,369.9,Safe
soil-water-monitor-3,5.73,99.02,2448.8,Critical
soil-water-monitor-3,4.23,86.97,3557.5,Critical
soil-water-monitor-2,7.48,2.18,223.1,Safe
soil-water-monitor-2,6.1,11.89,647.0,Unsafe
soil-water-monitor-2,7.6,3.69,208.0,Safe
soil-water-monitor-3,6.76,5.68,472.2,Moderate
soil-water-monitor-2,7.32,4.15,297.0,Safe
soil-water-monitor-1,6.54,4.24,294.9,Safe
soil-water-monitor-3,7.42,1.5,313.6,Safe
soil-water-monitor-3,7.06,3.54,86.8,Safe
soil-water-monitor-2,5.9,23.39,1443.1,Unsafe
soil-water-monitor-2,6.35,12.48,778.5,Moderate
soil-water-monitor-1,,9.0,567.8,Moderate
soil-water-monitor-3,7.06,15.99,577.7,Moderate
soil-water-monitor-3,6.89,5.31,550.0,Moderate
soil-water-monitor-1,5.78,36.5,1595.7,Unsafe
soil-water-monitor-1,7.23,6.45,443.1,Safe
soil-water-monitor-2,6.92,0.0,326.6,Safe
soil-water-monitor-3,7.41,1.18,308.4,Safe
soil-water-monitor-1,6.35,15.25,2625.9,Unsafe
soil-water-monitor-1,7.03,0.2,437.1,Safe
soil-water-monitor-1,7.31,0.92,243.8,Safe
soil-water-monitor-2,,17.13,1076.0,Unsafe
soil-water-monitor-3,7.29,8.47,775.4,Moderate
soil-water-monitor-1,7.09,4.43,211.5,Safe
soil-water-monitor-1,6.96,8.78,1060.6,Unsafe
soil-water-monitor-2,7.64,1.32,195.5,Safe
soil-water-monitor-1,7.43,0.0,227.2,Safe
soil-water-monitor-2,5.24,29.87,1605.9,Critical
soil-water-monitor-2,6.62,0.79,263.6,Safe
soil-water-monitor-1,7.05,7.92,454.3,Safe
soil-water-monitor-2,6.97,1.28,289.3,Safe
soil-water-monitor-2,5.59,14.18,1188.2,Unsafe
soil-water-monitor-1,7.18,2.31,385.6,Safe
soil-water-monitor-3,6.56,4.11,859.8,Moderate
soil-water-monitor-3,5.37,15.17,1622.8,Unsafe
soil-water-monitor-1,5.86,22.04,1597.1,Unsafe
soil-water-monitor-2,4.39,65.99,2185.3,Critical
soil-water-monitor-3,5.85,33.92,1836.6,Unsafe
soil-water-monitor-1,6.35,7.61,594.9,Moderate
soil-water-monitor-2,6.37,10.98,768.4,Unsafe
soil-water-monitor-1,4.33,45.06,2951.1,Critical
soil-water-monitor-3,7.1,2.51,320.0,Safe
soil-water-monitor-2,7.3,2.51,301.0,Safe
soil-water-monitor-1,6.59,7.24,628.2,Moderate
soil-water-monitor-3,7.19,12.16,694.5,Moderate
soil-water-monitor-1,5.73,6.64,679.8,Unsafe
soil-water-monitor-2,7.33,0.79,527.9,Safe
soil-water-monitor-2,8.26,0.03,240.1,Safe
soil-water-monitor-2,,5.35,632.4,Moderate
soil-water-monitor-2,7.49,0.9,189.7,Safe
soil-water-monitor-2,7.48,4.48,417.2,Safe
soil-water-monitor-1,6.56,4.94,940.6,Moderate
soil-water-monitor-3,6.43,4.57,677.7,Moderate
soil-water-monitor-2,5.98,9.67,318.0,Moderate
soil-water-monitor-1,6.83,4.78,588.8,Safe
soil-water-monitor-2,7.09,11.18,996.4,Moderate
soil-water-monitor-2,7.73,2.97,292.9,Safe
soil-water-monitor-2,7.43,4.97,272.5,Safe
soil-water-monitor-1,5.96,3.45,600.3,Moderate
soil-water-monitor-2,6.84,1.88,333.1,Safe
soil-water-monitor-2,7.44,4.35,629.3,Safe
soil-water-monitor-2,6.32,26.1,2228.7,Unsafe
soil-water-monitor-2,7.29,6.53,707.2,Moderate
soil-water-monitor-1,7.06,5.71,440.1,Safe
soil-water-monitor-2,7.22,0.0,178.8,Safe
soil-water-monitor-3,5.78,6.03,1114.2,Unsafe
soil-water-monitor-3,6.97,3.16,392.9,Safe
soil-water-monitor-3,6.74,3.93,232.3,Safe
soil-water-monitor-1,6.86,0.69,293.9,Safe
soil-water-monitor-1,7.69,1.81,203.1,Safe
soil-water-monitor-2,5.74,36.4,1493.8,Critical
soil-water-monitor-2,6.26,3.08,504.4,Safe
soil-water-monitor-3,3.41,63.82,2409.7,Critical
soil-water-monitor-3,6.17,20.5,990.7,Unsafe
soil-water-monitor-2,5.88,23.99,1543.9,Unsafe
soil-water-monitor-2,6.73,19.42,1894.8,Unsafe
soil-water-monitor-1,6.76,6.25,646.9,Moderate
soil-water-monitor-1,6.78,8.05,584.6,Moderate
soil-water-monitor-1,6.71,2.79,250.6,Safe
soil-water-monitor-3,7.45,1.15,375.7,Safe
soil-water-monitor-2,7.69,22.73,1334.9,Unsafe
soil-water-monitor-2,4.57,28.61,2509.8,Critical
soil-water-monitor-3,8.08,4.02,167.3,Safe
soil-water-monitor-1,6.82,41.67,1820.3,Unsafe
soil-water-monitor-1,7.05,4.89,348.4,Safe
soil-water-monitor-1,7.8,0.41,311.6,Safe
soil-water-monitor-1,7.07,0.0,347.8,Safe
soil-water-monitor-3,7.08,0.0,285.6,Safe
soil-water-monitor-1,7.68,0.57,76.9,Safe
soil-water-monitor-3,,34.06,1110.1,Unsafe
soil-water-monitor-1,7.78,2.53,111.9,Safe
soil-water-monitor-3,6.45,30.34,1414.3,Unsafe
soil-water-monitor-3,7.07,2.18,379.0,Safe
soil-water-monitor-3,7.19,2.79,317.1,Safe
soil-water-monitor-1,8.16,7.62,798.2,Moderate
soil-water-monitor-2,7.43,2.8,418.9,Safe
soil-water-monitor-2,7.99,1.23,278.0,Safe
soil-water-monitor-3,,5.48,882.9,Moderate
soil-water-monitor-2,5.96,7.76,478.3,Moderate
soil-water-monitor-2,6.66,16.51,1011.1,Unsafe
soil-water-monitor-2,6.15,7.65,704.3,Moderate
soil-water-monitor-1,6.93,5.54,380.7,Safe
soil-water-monitor-1,6.15,6.03,500.8,Moderate
soil-water-monitor-3,3.85,103.19,3448.6,Critical
soil-water-monitor-1,6.96,13.62,1177.6,Unsafe
soil-water-monitor-3,6.9,4.62,280.5,Safe
soil-water-monitor-3,6.84,2.81,79.3,Safe
soil-water-monitor-2,6.93,2.85,336.7,Safe
soil-water-monitor-1,7.11,2.77,466.9,Safe
soil-water-monitor-1,4.06,92.59,930.5,Critical
soil-water-monitor-3,7.23,6.37,126.8,Safe
soil-water-monitor-2,6.18,8.94,634.5,Moderate
soil-water-monitor-3,8.37,1.44,379.1,Safe
soil-water-monitor-2,7.08,1.09,180.0,Safe
soil-water-monitor-1,7.13,3.71,370.9,Safe
soil-water-monitor-1,7.68,3.32,454.9,Safe
soil-water-monitor-2,6.71,0.13,219.0,Safe
soil-water-monitor-2,5.66,34.82,1945.5,Unsafe
soil-water-monitor-1,5.76,11.31,1378.1,Unsafe
soil-water-monitor-2,6.22,6.54,571.1,Moderate
soil-water-monitor-2,6.15,4.96,702.2,Moderate
soil-water-monitor-2,7.41,2.73,246.0,Safe
soil-water-monitor-1,7.5,1.96,234.7,Safe
soil-water-monitor-2,6.49,23.14,559.7,Unsafe
soil-water-monitor-1,7.07,0.0,294.8,Safe
soil-water-monitor-1,5.98,19.47,956.6,Unsafe
soil-water-monitor-3,7.5,4.16,273.3,Safe
soil-water-monitor-2,6.3,35.13,1476.4,Unsafe
soil-water-monitor-1,6.24,8.15,578.4,Moderate
soil-water-monitor-2,7.05,5.64,474.7,Safe
soil-water-monitor-1,7.36,1.66,112.8,Safe
soil-water-monitor-3,5.02,22.59,1136.5,Critical
soil-water-monitor-3,7.24,3.18,137.5,Safe
soil-water-monitor-3,4.63,14.32,1675.5,Critical
soil-water-monitor-3,6.86,1.63,214.3,Safe
soil-water-monitor-1,7.41,1.62,371.8,Safe
soil-water-monitor-1,7.61,7.28,644.5,Moderate
soil-water-monitor-1,7.38,0.8,169.6,Safe
soil-water-monitor-3,4.64,41.1,2004.6,Critical
soil-water-monitor-2,7.63,3.51,171.5,Safe
soil-water-monitor-1,7.02,2.44,723.3,Safe
soil-water-monitor-2,6.83,4.78,213.9,Safe
soil-water-monitor-3,7.25,1.61,271.1,Safe
soil-water-monitor-3,7.22,2.05,306.5,Safe
soil-water-monitor-3,7.9,0.0,242.1,Safe
soil-water-monitor-1,7.25,1.04,309.1,Safe
soil-water-monitor-3,8.08,44.19,1484.7,Unsafe
soil-water-monitor-1,7.49,0.04,262.2,Safe
soil-water-monitor-1,6.19,3.52,180.6,Safe
soil-water-monitor-1,6.86,7.11,600.9,Moderate
soil-water-monitor-3,6.27,4.23,276.7,Safe
soil-water-monitor-1,7.62,1.4,221.5,Safe
soil-water-monitor-2,6.16,26.97,1758.0,Unsafe
soil-water-monitor-3,6.1,4.68,501.3,Moderate
soil-water-monitor-1,6.22,7.09,966.0,Moderate
soil-water-monitor-3,5.48,22.34,1073.6,Unsafe
soil-water-monitor-2,5.97,9.54,725.1,Moderate
soil-water-monitor-1,6.62,3.01,311.8,Safe
soil-water-monitor-3,6.51,3.95,260.6,Safe
soil-water-monitor-1,6.01,39.46,1222.0,Unsafe
soil-water-monitor-3,4.92,21.26,1360.8,Critical
soil-water-monitor-1,6.15,18.82,1513.9,Unsafe
soil-water-monitor-2,7.11,3.58,490.8,Safe
soil-water-monitor-2,7.7,2.19,277.6,Safe
soil-water-monitor-1,5.75,17.72,1223.8,Unsafe
soil-water-monitor-3,7.4,0.0,380.5,Safe
soil-water-monitor-3,5.79,7.95,427.9,Moderate
soil-water-monitor-1,6.97,3.68,160.8,Safe
soil-water-monitor-3,5.8,2.21,491.9,Moderate
soil-water-monitor-3,7.53,2.1,202.8,Safe
soil-water-monitor-2,7.29,3.36,248.9,Safe
soil-water-monitor-3,7.42,0.71,355.8,Safe
soil-water-monitor-3,5.61,6.68,538.2,Unsafe
soil-water-monitor-2,8.01,3.07,263.8,Safe
soil-water-monitor-2,6.85,2.09,222.3,Safe
soil-water-monitor-2,7.51,2.81,792.6,Safe
soil-water-monitor-2,7.03,3.92,464.4,Safe
soil-water-monitor-2,6.4,6.66,488.6,Moderate
soil-water-monitor-3,7.86,3.95,226.6,Safe
soil-water-monitor-3,7.3,2.77,378.8,Safe
soil-water-monitor-3,6.23,32.02,1455.1,Unsafe
soil-water-monitor-1,7.57,1.54,326.6,Safe
soil-water-monitor-3,7.1,4.87,262.0,Safe
soil-water-monitor-2,,60.24,2335.3,Critical
soil-water-monitor-3,5.96,68.68,2701.6,Critical
soil-water-monitor-1,5.68,3.57,627.2,Moderate
soil-water-monitor-1,7.27,0.0,444.3,Safe
soil-water-monitor-3,7.45,2.29,226.7,Safe
soil-water-monitor-1,5.51,17.04,2061.4,Critical
soil-water-monitor-2,7.16,4.07,777.7,Safe
soil-water-monitor-1,5.14,86.17,4038.3,Critical
soil-water-monitor-1,6.34,7.01,875.3,Moderate
soil-water-monitor-1,5.92,6.84,534.0,Moderate
soil-water-monitor-1,6.75,2.72,366.7,Safe
soil-water-monitor-2,7.3,1.02,254.4,Safe
soil-water-monitor-3,7.43,1.2,328.9,Safe
soil-water-monitor-3,5.7,37.67,1305.6,Critical
soil-water-monitor-3,6.24,10.04,556.9,Moderate
soil-water-monitor-3,5.04,24.89,1466.1,Critical
soil-water-monitor-1,3.91,35.14,2199.2,Critical
soil-water-monitor-3,7.28,2.59,272.6,Safe
soil-water-monitor-1,5.83,7.78,584.6,Unsafe
soil-water-monitor-1,6.36,37.5,1338.8,Unsafe
soil-water-monitor-1,7.28,2.05,372.5,Safe
soil-water-monitor-3,6.66,27.4,1363.4,Unsafe
soil-water-monitor-1,5.76,91.64,2473.2,Critical
soil-water-monitor-1,6.21,54.74,2077.4,Critical
soil-water-monitor-2,5.44,45.17,1227.2,Critical
soil-water-monitor-2,6.26,3.96,536.5,Moderate
soil-water-monitor-2,3.86,195.88,2571.6,Critical
soil-water-monitor-1,6.99,1.46,378.9,Safe
soil-water-monitor-3,7.92,3.77,253.3,Safe
soil-water-monitor-3,6.23,42.76,1298.3,Unsafe
soil-water-monitor-2,7.07,1.57,285.0,Safe
soil-water-monitor-3,7.89,2.2,251.9,Safe
soil-water-monitor-3,6.63,17.36,1419.3,Unsafe
soil-water-monitor-1,6.94,1.55,205.7,Safe
soil-water-monitor-1,3.93,50.58,2530.3,Critical
soil-water-monitor-1,7.32,4.22,212.6,Safe
soil-water-monitor-3,8.87,82.81,2805.3,Critical
soil-water-monitor-1,7.51,3.76,274.3,Safe
soil-water-monitor-2,5.5,8.47,1573.5,Unsafe
soil-water-monitor-1,6.93,7.98,487.3,Safe
soil-water-monitor-1,7.22,0.42,375.0,Safe
soil-water-monitor-3,6.7,12.51,469.3,Moderate
soil-water-monitor-1,7.19,0.83,308.7,Safe
soil-water-monitor-3,6.92,7.22,575.5,Moderate
soil-water-monitor-1,6.97,6.98,485.7,Safe
soil-water-monitor-2,5.59,35.62,2137.1,Critical
soil-water-monitor-1,4.18,36.88,1220.1,Critical
soil-water-monitor-2,7.18,1.26,299.8,Safe
soil-water-monitor-1,5.47,27.74,1286.9,Critical
soil-water-monitor-1,6.62,5.17,658.6,Safe
soil-water-monitor-2,6.07,7.67,486.8,Moderate
soil-water-monitor-3,7.34,4.19,208.7,Safe
soil-water-monitor-3,5.44,35.46,1030.2,Unsafe
soil-water-monitor-2,6.29,9.4,470.7,Moderate
soil-water-monitor-1,7.17,2.37,296.6,Safe
soil-water-monitor-1,6.35,21.94,1847.4,Unsafe
soil-water-monitor-2,8.04,0.1,227.9,Safe
soil-water-monitor-2,7.09,8.95,648.8,Moderate
soil-water-monitor-1,6.93,1.85,285.7,Safe
soil-water-monitor-2,6.28,3.67,663.8,Moderate
soil-water-monitor-2,6.41,4.85,794.1,Safe
soil-water-monitor-1,3.1,71.47,1665.9,Critical
soil-water-monitor-2,5.82,29.87,1604.9,Unsafe
soil-water-monitor-3,6.57,8.41,895.0,Moderate
soil-water-monitor-3,6.59,9.36,730.7,Moderate
soil-water-monitor-1,6.81,1.3,1287.8,Moderate
soil-water-monitor-3,6.63,9.8,585.1,Moderate
soil-water-monitor-3,6.91,4.04,554.4,Safe
soil-water-monitor-3,5.29,8.79,1638.8,Unsafe
soil-water-monitor-2,6.39,8.21,941.3,Moderate
soil-water-monitor-1,6.11,6.67,816.5,Moderate
soil-water-monitor-2,6.79,9.86,522.1,Moderate
soil-water-monitor-2,7.29,0.0,284.5,Safe
soil-water-monitor-1,6.78,3.27,294.4,Safe
soil-water-monitor-1,7.65,1.41,305.8,Safe
soil-water-monitor-2,7.08,3.09,183.1,Safe
soil-water-monitor-3,6.88,6.78,671.6,Moderate
soil-water-monitor-3,5.72,32.02,2079.3,Critical
soil-water-monitor-2,,0.0,287.7,Safe
soil-water-monitor-2,6.57,1.49,335.9,Safe
soil-water-monitor-3,7.43,3.2,354.7,Safe
soil-water-monitor-2,7.25,3.31,109.3,Safe
soil-water-monitor-2,7.19,0.66,253.0,Safe
soil-water-monitor-1,,44.58,2188.2,Critical
soil-water-monitor-2,5.27,120.26,1667.8,Critical
soil-water-monitor-3,7.34,3.97,256.7,Safe
soil-water-monitor-2,6.74,2.11,208.9,Safe
soil-water-monitor-1,7.0,6.92,775.7,Moderate
soil-water-monitor-2,7.06,1.01,262.5,Safe
soil-water-monitor-2,7.43,0.01,277.6,Safe
soil-water-monitor-2,7.53,2.76,366.6,Safe
soil-water-monitor-1,6.0,10.17,1163.2,Unsafe
soil-water-monitor-2,6.83,1.37,376.6,Safe
soil-water-monitor-3,7.05,10.62,747.4,Moderate
soil-water-monitor-1,7.9,3.0,124.6,Safe
soil-water-monitor-2,5.91,14.3,1391.2,Unsafe
soil-water-monitor-3,6.01,16.13,1641.1,Unsafe
soil-water-monitor-2,6.02,4.56,517.9,Moderate
soil-water-monitor-2,6.62,1.58,349.3,Safe
soil-water-monitor-1,6.93,1.24,313.4,Safe
soil-water-monitor-2,6.92,1.0,126.6,Safe
soil-water-monitor-2,5.77,36.16,2201.8,Critical
soil-water-monitor-3,5.67,3.03,954.1,Moderate
soil-water-monitor-1,6.26,3.83,566.5,Moderate
soil-water-monitor-1,6.67,17.29,519.2,Unsafe
soil-water-monitor-1,4.98,91.82,2015.3,Critical
soil-water-monitor-1,4.74,57.71,2588.4,Critical
soil-water-monitor-2,7.8,3.0,204.6,Safe
soil-water-monitor-3,7.76,1.64,178.4,Safe
soil-water-monitor-2,7.37,2.11,166.7,Safe
soil-water-monitor-3,7.3,3.36,777.2,Moderate
soil-water-monitor-1,7.45,0.4,332.7,Safe
soil-water-monitor-1,7.18,2.5,230.2,Safe
soil-water-monitor-1,8.2,2.34,238.7,Safe
soil-water-monitor-1,7.42,6.25,475.6,Safe
soil-water-monitor-3,7.37,3.15,302.4,Safe
soil-water-monitor-1,6.88,3.64,389.9,Safe
soil-water-monitor-3,6.3,4.67,927.8,Moderate
soil-water-monitor-3,7.5,0.0,789.6,Safe
soil-water-monitor-1,6.88,0.0,76.8,Safe
soil-water-monitor-1,7.86,2.16,269.4,Safe
soil-water-monitor-3,6.54,10.47,491.3,Unsafe
soil-water-monitor-1,6.43,48.58,1302.0,Unsafe
soil-water-monitor-1,6.85,3.02,130.1,Safe
soil-water-monitor-1,7.4,8.02,621.9,Moderate
soil-water-monitor-1,7.66,3.71,301.8,Safe
soil-water-monitor-3,5.38,26.88,1762.1,Unsafe
soil-water-monitor-3,7.36,5.85,536.1,Moderate
soil-water-monitor-2,6.54,3.98,737.6,Safe
soil-water-monitor-3,6.49,10.93,628.2,Moderate
soil-water-monitor-2,3.07,62.96,2997.6,Critical
soil-water-monitor-2,5.85,30.97,1240.8,Unsafe
soil-water-monitor-3,7.13,3.01,473.0,Safe
soil-water-monitor-3,8.05,3.75,126.0,Safe
soil-water-monitor-1,7.58,3.71,272.4,Safe
soil-water-monitor-3,6.97,2.1,237.2,Safe
soil-water-monitor-3,7.26,2.07,310.3,Safe
soil-water-monitor-1,6.62,2.73,211.3,Safe
soil-water-monitor-3,4.22,52.82,1578.0,Critical
soil-water-monitor-2,7.96,1.56,109.7,Safe
soil-water-monitor-1,5.97,44.39,2060.9,Unsafe
soil-water-monitor-3,7.5,7.49,202.4,Safe
soil-water-monitor-3,7.36,2.43,294.3,Safe
soil-water-monitor-1,6.62,7.9,462.1,Safe
soil-water-monitor-2,6.78,42.84,1249.8,Unsafe
soil-water-monitor-3,6.99,8.05,508.0,Safe
soil-water-monitor-1,6.14,6.75,643.6,Moderate
soil-water-monitor-2,6.93,2.61,371.1,Safe
soil-water-monitor-3,6.64,10.56,647.2,Moderate
soil-water-monitor-3,6.11,27.18,1476.6,Unsafe
soil-water-monitor-1,7.71,3.74,236.9,Safe
soil-water-monitor-3,6.96,1.08,258.4,Safe
soil-water-monitor-1,,10.25,454.2,Safe
soil-water-monitor-2,7.06,2.24,311.9,Safe
soil-water-monitor-3,7.04,8.53,617.3,Moderate
soil-water-monitor-3,6.02,84.74,2595.3,Critical
soil-water-monitor-1,4.8,32.91,1337.5,Critical
soil-water-monitor-3,6.69,7.45,590.9,Moderate
soil-water-monitor-1,2.01,59.11,2238.1,Critical
soil-water-monitor-3,7.31,7.84,567.1,Moderate
soil-water-monitor-3,5.2,23.69,1092.7,Critical
soil-water-monitor-3,7.26,2.74,281.2,Safe
soil-water-monitor-1,6.12,8.09,648.5,Unsafe
soil-water-monitor-1,8.12,1.03,328.5,Safe
soil-water-monitor-3,6.56,30.25,1521.2,Unsafe
soil-water-monitor-2,6.61,29.77,577.5,Moderate
soil-water-monitor-2,6.33,4.94,624.6,Moderate
soil-water-monitor-1,6.35,10.29,776.9,Moderate
soil-water-monitor-1,6.47,0.54,276.3,Safe
soil-water-monitor-3,8.0,1.59,260.8,Safe
soil-water-monitor-1,7.34,1.63,230.8,Safe
soil-water-monitor-3,6.74,2.77,984.9,Moderate
soil-water-monitor-1,7.42,2.8,215.2,Safe
soil-water-monitor-1,6.23,6.11,662.8,Moderate
soil-water-monitor-3,7.27,0.48,426.5,Safe
soil-water-monitor-2,6.39,3.62,327.5,Safe
soil-water-monitor-2,6.69,3.02,194.7,Safe
soil-water-monitor-2,6.48,1.8,158.2,Safe
soil-water-monitor-3,5.36,7.09,971.4,Unsafe
soil-water-monitor-1,5.8,28.23,1145.8,Unsafe
soil-water-monitor-3,6.34,8.59,461.6,Moderate
soil-water-monitor-2,6.76,4.3,298.8,Safe
soil-water-monitor-3,7.07,0.62,344.9,Safe
soil-water-monitor-3,5.93,21.37,1431.8,Unsafe
soil-water-monitor-1,7.25,1.28,385.4,Safe
soil-water-monitor-1,8.46,2.02,329.1,Safe
soil-water-monitor-2,5.94,8.16,448.0,Unsafe
soil-water-monitor-2,7.28,1.29,418.6,Safe
soil-water-monitor-1,7.09,3.29,183.6,Safe
soil-water-monitor-3,6.91,4.52,461.3,Safe
soil-water-monitor-1,7.91,2.27,206.4,Safe
soil-water-monitor-3,4.46,22.69,950.5,Unsafe
soil-water-monitor-3,8.47,1.2,276.7,Safe
soil-water-monitor-1,6.79,7.09,600.1,Moderate
soil-water-monitor-1,6.11,6.75,606.1,Moderate
soil-water-monitor-3,7.24,3.22,166.0,Safe
soil-water-monitor-2,7.43,0.0,344.5,Safe
soil-water-monitor-1,7.49,3.53,124.6,Safe
soil-water-monitor-1,7.38,2.47,269.9,Safe
soil-water-monitor-3,6.9,1.75,118.7,Safe
soil-water-monitor-1,6.58,9.75,877.6,Moderate
soil-water-monitor-1,7.39,3.72,221.7,Safe
soil-water-monitor-3,7.17,0.16,317.4,Safe
soil-water-monitor-2,6.75,6.02,542.4,Moderate
soil-water-monitor-3,6.11,19.16,1765.9,Unsafe
soil-water-monitor-1,6.65,6.1,635.2,Moderate
soil-water-monitor-1,4.35,40.8,1065.9,Critical
soil-water-monitor-2,,32.5,1607.6,Unsafe
soil-water-monitor-2,6.9,1.72,435.4,Safe
soil-water-monitor-2,7.14,2.68,305.9,Safe
soil-water-monitor-2,6.79,4.24,454.2,Safe
soil-water-monitor-3,6.37,10.97,498.9,Moderate
soil-water-monitor-3,7.18,2.38,280.7,Safe
soil-water-monitor-2,,5.04,263.7,Safe
soil-water-monitor-2,7.77,2.77,358.5,Safe
soil-water-monitor-2,7.65,1.01,224.5,Safe
soil-water-monitor-2,5.89,21.45,1484.2,Unsafe
soil-water-monitor-1,6.86,8.5,756.9,Moderate
soil-water-monitor-1,6.65,1.57,126.1,Safe
soil-water-monitor-3,7.47,4.72,574.6,Safe
soil-water-monitor-2,8.32,2.92,274.8,Safe
soil-water-monitor-2,4.98,134.39,1957.1,Critical
soil-water-monitor-3,7.06,4.72,702.4,Safe
soil-water-monitor-1,7.82,1.83,302.5,Safe
soil-water-monitor-1,,12.43,1389.5,Critical
soil-water-monitor-1,7.86,4.12,347.4,Safe
soil-water-monitor-1,7.62,2.54,247.9,Safe
soil-water-monitor-3,7.14,0.0,320.1,Safe
soil-water-monitor-2,7.65,9.25,863.4,Moderate
soil-water-monitor-3,5.77,6.23,702.8,Unsafe
soil-water-monitor-1,6.44,16.45,894.9,Moderate
soil-water-monitor-2,7.68,0.0,357.5,Safe
soil-water-monitor-2,6.31,27.83,1759.0,Unsafe
soil-water-monitor-3,6.42,35.22,927.1,Unsafe
soil-water-monitor-1,3.34,105.58,2963.1,Critical
soil-water-monitor-1,7.44,5.83,444.7,Safe
soil-water-monitor-2,6.81,3.69,671.0,Safe
soil-water-monitor-2,6.27,6.03,751.8,Moderate
soil-water-monitor-2,8.23,21.59,1484.8,Unsafe
soil-water-monitor-1,6.67,7.56,528.5,Moderate
soil-water-monitor-1,5.75,8.28,622.7,Unsafe
soil-water-monitor-1,4.19,37.09,1471.9,Critical
soil-water-monitor-2,7.17,3.06,247.3,Safe
soil-water-monitor-2,7.05,1.46,236.9,Safe
soil-water-monitor-1,6.55,2.78,452.2,Safe
soil-water-monitor-3,7.12,1.79,292.3,Safe
soil-water-monitor-2,6.4,18.27,1540.0,Unsafe
soil-water-monitor-2,6.96,3.23,894.8,Safe
soil-water-monitor-1,7.05,8.3,906.7,Moderate
soil-water-monitor-3,2.98,31.99,3655.0,Critical
soil-water-monitor-3,8.02,1.73,260.0,Safe
soil-water-monitor-3,6.84,7.71,525.7,Moderate
soil-water-monitor-2,6.34,3.17,327.3,Safe
soil-water-monitor-2,,1.96,176.4,Safe
soil-water-monitor-2,6.86,5.21,389.6,Safe
soil-water-monitor-1,7.27,2.55,191.8,Safe
soil-water-monitor-2,6.96,0.17,271.3,Safe
soil-water-monitor-3,4.8,26.99,1860.6,Critical
soil-water-monitor-3,6.64,5.11,683.5,Safe
soil-water-monitor-2,7.73,0.0,352.2,Safe
soil-water-monitor-2,6.58,9.61,768.5,Moderate
soil-water-monitor-2,6.78,6.78,418.9,Safe
soil-water-monitor-1,6.04,26.18,1093.4,Unsafe
soil-water-monitor-1,6.23,2.42,296.0,Safe
soil-water-monitor-3,7.44,23.8,2144.9,Unsafe
soil-water-monitor-2,6.5,3.28,514.4,Moderate
soil-water-monitor-3,6.88,7.82,736.6,Moderate
soil-water-monitor-2,6.86,3.01,293.7,Safe
soil-water-monitor-1,5.51,11.01,781.4,Unsafe
soil-water-monitor-1,6.5,2.11,418.8,Safe
soil-water-monitor-1,6.17,12.1,530.9,Moderate
soil-water-monitor-1,6.66,0.83,320.7,Safe
soil-water-monitor-2,6.05,4.15,752.5,Unsafe
soil-water-monitor-2,7.56,2.63,249.9,Safe
soil-water-monitor-3,7.16,1.38,349.7,Safe
soil-water-monitor-1,8.05,2.13,265.8,Safe
soil-water-monitor-2,6.92,1.7,413.8,Safe
soil-water-monitor-2,6.18,7.1,790.2,Moderate
soil-water-monitor-1,6.57,2.5,754.9,Safe
soil-water-monitor-2,4.33,107.0,2504.2,Critical
soil-water-monitor-3,6.61,7.05,949.3,Moderate
soil-water-monitor-2,6.2,5.85,644.8,Moderate
soil-water-monitor-1,6.75,5.57,697.7,Moderate
soil-water-monitor-2,,4.69,607.6,Moderate
soil-water-monitor-2,7.61,1.93,404.9,Safe
soil-water-monitor-3,8.22,4.13,201.1,Safe
soil-water-monitor-3,7.06,6.65,731.5,Moderate
soil-water-monitor-1,6.17,8.42,549.1,Moderate
soil-water-monitor-2,6.21,8.0,605.1,Moderate
soil-water-monitor-1,6.9,9.37,544.4,Moderate
soil-water-monitor-3,6.64,11.6,982.2,Unsafe
soil-water-monitor-1,7.47,0.66,450.3,Safe
soil-water-monitor-2,6.92,2.77,231.7,Safe
soil-water-monitor-1,5.89,19.7,432.6,Moderate
soil-water-monitor-2,7.35,1.32,264.1,Safe
soil-water-monitor-2,5.75,6.69,692.9,Moderate
soil-water-monitor-2,6.71,0.26,279.5,Safe
soil-water-monitor-2,6.85,2.5,264.8,Safe
soil-water-monitor-1,7.68,2.39,696.8,Safe
soil-water-monitor-1,5.7,37.58,1150.3,Unsafe
soil-water-monitor-1,5.84,28.46,1513.1,Unsafe
soil-water-monitor-1,5.38,31.15,1836.5,Critical
soil-water-monitor-2,6.58,5.81,760.3,Safe
soil-water-monitor-3,7.13,8.57,623.0,Moderate
soil-water-monitor-2,6.68,1.41,223.4,Safe
soil-water-monitor-1,7.23,39.03,1848.0,Unsafe
soil-water-monitor-3,7.78,24.58,1035.4,Unsafe
soil-water-monitor-1,6.27,7.8,575.3,Moderate
soil-water-monitor-3,6.38,3.42,532.3,Moderate
soil-water-monitor-3,6.99,7.33,506.2,Moderate
soil-water-monitor-3,6.91,85.12,2692.0,Unsafe
soil-water-monitor-2,2.84,106.65,3674.0,Critical
soil-water-monitor-3,6.78,3.2,214.9,Safe
soil-water-monitor-1,6.08,2.57,591.8,Moderate
soil-water-monitor-3,5.85,3.68,660.1,Unsafe
soil-water-monitor-1,5.69,32.32,1567.0,Unsafe
soil-water-monitor-3,7.14,2.32,284.6,Safe
soil-water-monitor-3,6.66,4.26,500.8,Safe
soil-water-monitor-2,4.53,34.6,2134.6,Critical
soil-water-monitor-1,6.96,2.09,273.9,Safe
soil-water-monitor-2,7.14,4.17,374.8,Safe
soil-water-monitor-3,3.96,153.9,2164.4,Critical
soil-water-monitor-2,6.7,16.72,2317.7,Unsafe
soil-water-monitor-3,6.2,20.4,867.5,Unsafe
soil-water-monitor-3,7.38,0.49,226.2,Safe
soil-water-monitor-2,6.21,21.96,1416.1,Unsafe
soil-water-monitor-2,7.23,6.52,420.9,Safe
soil-water-monitor-1,5.53,38.27,1891.8,Unsafe
soil-water-monitor-2,6.87,13.57,470.9,Moderate
soil-water-monitor-2,6.66,0.0,136.5,Safe
soil-water-monitor-2,7.26,0.0,390.1,Safe
soil-water-monitor-3,7.59,1.47,179.8,Safe
soil-water-monitor-3,5.3,7.63,840.4,Unsafe
soil-water-monitor-2,5.53,31.68,1771.0,Unsafe
soil-water-monitor-1,7.73,2.76,308.6,Safe
soil-water-monitor-3,3.6,98.68,2497.0,Critical
soil-water-monitor-3,7.83,2.2,278.9,Safe
soil-water-monitor-3,6.07,8.14,633.5,Moderate
soil-water-monitor-1,5.39,24.17,751.8,Unsafe
soil-water-monitor-1,7.08,1.67,289.2,Safe
soil-water-monitor-1,7.54,1.22,318.5,Safe
soil-water-monitor-1,7.73,0.6,203.3,Safe
soil-water-monitor-1,6.87,3.52,669.0,Safe
soil-water-monitor-2,7.15,0.07,363.1,Safe
soil-water-monitor-1,7.18,6.6,561.3,Moderate
soil-water-monitor-3,6.45,11.79,612.4,Moderate
soil-water-monitor-3,5.57,30.91,1125.8,Unsafe
soil-water-monitor-1,7.97,2.72,203.4,Safe
soil-water-monitor-2,7.6,1.55,248.5,Safe
soil-water-monitor-2,7.17,0.19,343.5,Safe
soil-water-monitor-3,5.59,30.06,1563.8,Critical
soil-water-monitor-1,7.03,6.61,641.0,Moderate
soil-water-monitor-3,7.44,6.72,610.2,Moderate
soil-water-monitor-2,7.31,1.28,465.7,Safe
soil-water-monitor-1,6.77,2.74,271.5,Safe
soil-water-monitor-2,7.17,2.01,239.4,Safe
soil-water-monitor-2,7.64,2.36,242.8,Safe
soil-water-monitor-2,6.67,7.13,840.5,Moderate
soil-water-monitor-1,6.91,14.72,1446.5,Unsafe
soil-water-monitor-3,6.59,6.66,573.1,Moderate
soil-water-monitor-3,7.13,5.58,469.3,Safe
soil-water-monitor-1,8.05,2.39,210.4,Safe
soil-water-monitor-2,6.44,5.45,664.2,Moderate
soil-water-monitor-2,7.45,12.0,583.6,Moderate
soil-water-monitor-2,6.43,38.69,1348.0,Unsafe
soil-water-monitor-3,5.75,33.12,1534.4,Unsafe
soil-water-monitor-3,7.18,3.49,209.9,Safe
soil-water-monitor-2,7.37,2.77,324.7,Safe
soil-water-monitor-1,5.94,3.34,718.6,Moderate
soil-water-monitor-3,6.73,1.79,258.5,Safe
soil-water-monitor-2,6.0,24.4,930.1,Unsafe
soil-water-monitor-1,6.67,11.19,638.5,Moderate
soil-water-monitor-1,6.07,5.88,438.5,Moderate
soil-water-monitor-2,6.86,1.71,281.5,Safe
soil-water-monitor-1,6.06,6.05,394.1,Moderate
soil-water-monitor-1,7.56,4.48,767.8,Moderate
